-- MySQL dump 10.13  Distrib 5.5.23, for osx10.6 (i386)
--
-- Host: localhost    Database: evento_development
-- ------------------------------------------------------
-- Server version	5.5.23

/*!40101 SET @OLD_CHARACTER_SET_CLIENT=@@CHARACTER_SET_CLIENT */;
/*!40101 SET @OLD_CHARACTER_SET_RESULTS=@@CHARACTER_SET_RESULTS */;
/*!40101 SET @OLD_COLLATION_CONNECTION=@@COLLATION_CONNECTION */;
/*!40101 SET NAMES utf8 */;
/*!40103 SET @OLD_TIME_ZONE=@@TIME_ZONE */;
/*!40103 SET TIME_ZONE='+00:00' */;
/*!40014 SET @OLD_UNIQUE_CHECKS=@@UNIQUE_CHECKS, UNIQUE_CHECKS=0 */;
/*!40014 SET @OLD_FOREIGN_KEY_CHECKS=@@FOREIGN_KEY_CHECKS, FOREIGN_KEY_CHECKS=0 */;
/*!40101 SET @OLD_SQL_MODE=@@SQL_MODE, SQL_MODE='NO_AUTO_VALUE_ON_ZERO' */;
/*!40111 SET @OLD_SQL_NOTES=@@SQL_NOTES, SQL_NOTES=0 */;

--
-- Table structure for table `authorizations`
--

DROP TABLE IF EXISTS `authorizations`;
/*!40101 SET @saved_cs_client     = @@character_set_client */;
/*!40101 SET character_set_client = utf8 */;
CREATE TABLE `authorizations` (
  `id` int(11) NOT NULL AUTO_INCREMENT,
  `provider` varchar(255) COLLATE utf8_unicode_ci DEFAULT NULL,
  `uid` varchar(255) COLLATE utf8_unicode_ci DEFAULT NULL,
  `user_id` int(11) DEFAULT NULL,
  `created_at` datetime DEFAULT NULL,
  `updated_at` datetime DEFAULT NULL,
  PRIMARY KEY (`id`)
) ENGINE=InnoDB AUTO_INCREMENT=2 DEFAULT CHARSET=utf8 COLLATE=utf8_unicode_ci;
/*!40101 SET character_set_client = @saved_cs_client */;

--
-- Dumping data for table `authorizations`
--

LOCK TABLES `authorizations` WRITE;
/*!40000 ALTER TABLE `authorizations` DISABLE KEYS */;
INSERT INTO `authorizations` VALUES (1,'twitter','39859033',1,'2012-07-18 13:26:20','2012-07-18 13:26:20');
/*!40000 ALTER TABLE `authorizations` ENABLE KEYS */;
UNLOCK TABLES;

--
-- Table structure for table `grade`
--

DROP TABLE IF EXISTS `grade`;
/*!40101 SET @saved_cs_client     = @@character_set_client */;
/*!40101 SET character_set_client = utf8 */;
CREATE TABLE `grade` (
  `autores` text,
  `titulo` text,
  `idioma` text,
  `nivel` text,
  `maximo_participantes` text,
  `tipo` text,
  `trilha` text,
  `sala` text,
  `traducao` text,
  `duracao` text,
  `inicio` text,
  `fim` text,
  `descricao` text
) ENGINE=InnoDB DEFAULT CHARSET=latin1;
/*!40101 SET character_set_client = @saved_cs_client */;

--
-- Dumping data for table `grade`
--

LOCK TABLES `grade` WRITE;
/*!40000 ALTER TABLE `grade` DISABLE KEYS */;
INSERT INTO `grade` VALUES ('Leandro Garcia','Como desenvolver novos produtos usando metodologias ágeis','PT','Praticante','','Lightning Talk','Inovação e Empreendedorismo','Sala 1','Sem tradução','10','2012-09-06 09:00:00','2012-09-06 10:00:00','A visão do produto futuro é o início de qualquer inovação de sucesso. Sem esta visão não se tem um objetivo comum. Toda a visão é uma hipótese que contém suposições sobre o futuro do produto, seus requisitos e o valor que ele vai agregar para a organização. A idéia é unir Scrum com minimal viable product (MVP) de forma a conquistar uma experiência rápida e eficiente.'),('André Faria Gomes e Bruno Lui','Clean Code: Desenvolvendo como um Profissional Ágil','PT','Praticante','','Palestra','Desenvolvimento e Teste','Sala 1','Sem tradução','50','2012-09-06 09:00:00','2012-09-06 10:00:00','Nos livros Clean Code e Clean CodeR, Uncle Bob Martin descreveu o que significa ser um desenvolvedor de software profissional, como ele deve se comportar, e como deve escrever código. Aprender mais sobre os conceitos de Clean Code transformou a forma com que desenvolvemos software na Bluesoft. Nessa palestra gostaríamos de apresentar um pouco sobre o que temos aprendido utilizando as técnicas de Clean Code e como você pode, a partir delas, tornar sua equipe mais ágil, melhorar a qualidade e produtividade e tornar sua aplicação flexível para obter respostas rápidas às solicitações do mercado.'),('Fabricio Nogueira Buzeto','Startup Dojo - Aprendendo a Empreender com os Amigos','PT','Iniciante','','Palestra','Inovação e Empreendedorismo','Sala 1','Sem tradução','50','2012-09-06 09:00:00','2012-09-06 10:00:00','A metodologia do Lean Startup está em alta e tem alavancado um movimento de empreendedorismo no país, mas nem todos que embarcam na metodologia obtêm sucesso. Nesta sessão vamos compartilhar as experiências de um grupo de startupeiros de Brasília (http://startupei.ro) que decidiram se basear na estratégia de Coding Dojos para ajudar a aprender e empreender usando o Lean Startup. Compartilharemos erros e acertos, e esperamos que a iniciativa inspire a criação de novos grupos em suas comunidades.'),('Renato Freire Ricardo','Métricas são amigas, não minta para elas.','PT','Iniciante','','Lightning Talk','Gestão e Cultura','Sala 1','Sem tradução','10','2012-09-06 09:00:00','2012-09-06 10:00:00','Nesta lightning falarei sobre um pequeno projeto pessoal meu que não é de tecnologia mas ele me ajudou a entender o sentido das métricas e porque elas são importantes, e também me mostrou que a melhor maneira de se medir algo é não mentindo.'),('Ismael Soares','Princípios SOLID','PT','Iniciante','','Lightning Talk','Desenvolvimento e Teste','Sala 1','Sem tradução','10','2012-09-06 09:00:00','2012-09-06 10:00:00','\"Tenha orgulho do seu código. Aprenda SOLID! Os princípios SOLID são cinco princípios básicos de programação e design orientados a objeto, introduzidos por Uncle Bob no início de 2000. Aplicados em conjunto, estes princípios o tornarão um desenvolvedor diferenciado,  capaz de escrever um código extensível, coeso e de fácil manutenção.\"'),('Sunil Mundra','Distributed Development Best Practices','PT','Praticante','','Palestra','Gestão e Cultura','Sala 1','Sem tradução','50','2012-09-06 09:00:00','2012-09-06 10:00:00','\"Software companies are facing cost reduction pressures, a shrinking local talent pool and rising complexity in technology and customer requirements. As a result, many software companies have turned towards Distributed Development. This had led to a quantum increase in the number of development centers that have come up in off shore locations like India, China, Philippines and Brazil. This talk will bring out the Challenges of Distributed Development and the best practices that can be used to address these challenges. The speaker will draw upon his experience in working with 3 companies where he has consulted on addressing challenges related to distributed development.\"'),('Rafael Barbosa Camargo','Pedaços de XP, FDD, Scrum e Kanban na Análise de Negócio e Engenharia de Requisitos','PT','Praticante','','Palestra','Relatos de Experiência','Sala 1','Sem tradução','50','2012-09-06 09:00:00','2012-09-06 10:00:00','\"Utilizando pedaços de técnicas do FDD, XP, Scrum, Kanban e outros, pude realizar uma experiência em Análise e Modelagem de Negócios e Requisitos que foi um divisor de águas para projetos e produtos.Neste relato, vou expor qual era o cenário padrão da Elicitação de Requisitos e sua Engenharia ao longo do desenvolvimento, os problemas que enfrentamos e o que nos levou a selecionar pedaços de vários Frameworks e Métodos ágeis, junto de outras técnicas, para solucionarmos nossos problemas. Vou expor também os ganhos que obtivemos com esta mudança, as perdas e como enfrentamos esta transição.\"'),('Rafael Barbosa Camargo','Standup Comedy Agile. A comédia da vida Agile','PT','Praticante','','Lightning Talk','Relatos de Experiência','Sala 1','Sem tradução','10','2012-09-06 09:00:00','2012-09-06 10:00:00','\"Nossa dinâmica de desenvolvimento de software por si só já é algo altamente engraçado. Nossas diferenças de pensamentos, paradigmas e princípios tornam ainda mais cômico este cenário. Vemos no dia-a-dia várias situações engraçadas, ainda mais quando se trata da adoção de Agile ou de conflitos entre modelos de gestão, hierarquias, linguagens de programação e etc. Esta talk irá se transfomar em um stand up comedy para exibir vários destes acontencimentos engraçados e passar uma mensagem simples de alegria e de como lidar com pessoas.\"'),('Marcel Peixoto','10.000 - o número do sucesso','PT','Iniciante','','Lightning Talk','Gestão e Cultura','Sala 1','Sem tradução','10','2012-09-06 09:00:00','2012-09-06 10:00:00','O que torna você, eu e todos nós diferente de Bill Gates, Steve Jobs, Bill Joy e até os Beatles? O sucesso é uma combinação de talento, preparação e oportunidade. Estar na hora certa, no local certo é apenas uma das variáveis do sucesso. Ter talento e estar preparado no momento certo é o que faz a diferença. Em 10 minutos, será desvendado o quanto devemos estar preparados para o nosso momento.'),('Antonio Paes','Diversidade em equipes: Desafios, oportunidades e mitos considerando gerações, cultura e outros','PT','Iniciante','','Palestra','Gestão e Cultura','Sala 1','Sem tradução','50','2012-09-06 09:00:00','2012-09-06 10:00:00','\"O gerenciamento de times é importante não somente no aspecto técnico. Criar equipes bem entrosadas é fundamental para o sucesso do projeto. Com o benefício de alcançar uma melhor performance de grupo e entendimento entre os membros do time, nesta apresentação iremos explorar fatos concretos capturadas em pesquisas científicas decifrando como diferentes pessoas de gerações, culturas e experiências interagem. Como conclusão algumas dicas para o gestor e os membros da equipe serão compartilhados.\"'),('Jose Papo','DevOps: Agilizando a entrega e a implantação de software com a Nuvem','PT','Praticante','','Palestra','Desenvolvimento e Teste','Sala 1','Sem tradução','50','2012-09-06 09:00:00','2012-09-06 10:00:00','Nessa sessão vamos explicar a importância de aproximar as equipes de desenvolvimento com as equipes de operações. Mostraremos exemplos de duas empresas que automatizaram muito todo o seu processo de desenvolvimento Ágil e DevOps: amazon.com e Netflix.'),('Jose Papo','Analista de Requisitos? Deixe de ser um garçom a partir do Business Model Generation','PT','Iniciante','','Lightning Talk','Análise e Planejamento','Sala 1','Sem tradução','10','2012-09-06 09:00:00','2012-09-06 10:00:00','Em muitas organizações o analista de requisitos ou analista de negócios é similar a um garçom: ele basicamente anota os pedidos dos clientes. Nessa conversa rápida explicaremos como deixar de ser um mero garçom através da filosofia e prática do Business Model Generation.'),('Juliana Serejo','Dicas para o Scrum Master de “primeira viagem”','PT','Iniciante','','Lightning Talk','Gestão e Cultura','Sala 1','Sem tradução','10','2012-09-06 09:00:00','2012-09-06 10:00:00','Dicas para o Scrum Master de “primeira viagem”. Como o Scrum Master iniciante pode desenvolver as práticas ágeis da melhor maneira em sua equipe de Scrum.'),('Daniel Cukier','O dia-a-dia de uma startup','PT','Iniciante','','Palestra','Inovação e Empreendedorismo','Sala 1','Sem tradução','50','2012-09-06 09:00:00','2012-09-06 10:00:00','O assunto startup está na moda no Brasil, principalmente nos últimos 2 anos. Mas como é de fato trabalhar numa startup? Vale a pena largar tudo para começar seu próprio negócio? O mundo de startup não é só um mar de rosas não! Quais são os problemas que uma startup enfrenta? Como fugir das armadilhas? Como encontrar parceiros e investidores? Nessa palestra serão contados casos reais de startups, tanto de sucesso como de fracasso, bem como alguns aprendizados que foram acumulados.'),('Jorge Audy','\"Daily Tracking - \"\"Eu estou comprometido com:\"\"\"','PT','Praticante','','Lightning Talk','Análise e Planejamento','Sala 1','Sem tradução','10','2012-09-06 09:00:00','2012-09-06 10:00:00','\"Criei um quadro que esta sendo chamado de Daily Track e que vem surtindo resultados surpreendentes para todos os integrantes e para mim, permitindo uma análise linear das atividades, percepções e estimativas a cada daily. O preenchimento é simples, quase taquigráfico, com ID\'s das User Stories e tarefas, reestimativas e previsões, são 20 caracteres cifrados a cada depoimento. Sou Scrum Master de 3 (três) equipes e isto gera em dailys um volume razoável de dados a cada Iteração de 2 semanas. Era uma oportunidade para criar algo novo e proporcionar o máximo de aprendizado individual a partir da sequencia de depoimentos, dia-a-dia : 1 Sprint = 10 dias, 3 equipes = 3 reuniões de 15 minutos por dia = 30 por Iteração, 9 integrantes por equipe = 270 relatos diários a cada Iteração\"'),('Márcio Sete','Estimar, Planejar e Acompanhar. Colocando os pingos nos is.','PT','Praticante','','Palestra','Análise e Planejamento','Sala 1','Sem tradução','50','2012-09-06 09:00:00','2012-09-06 10:00:00','\"Entenda de uma vez por todas o significado de duração, capacidade, fator de foco, comprometimento, velocidade, estimativa, cone da incerteza, teoria dos 90% de certeza, backlog grooming, custo do processo, meta de negócio, business value e tendência. Com um pequeno esforço de planejamento e acompanhamento, podemos ter feedback de nossos projetos ágeis em tempo real. Se a Sprint for falhar, precisamos saber disso hoje. Quanto antes tivermos informações reais do andamento dos projetos, quanto antes podemos reagir a isso. Adaptação depende de inspeção que depende de informação. Saiba como tirar 35 indicadores da execução da sua Sprint. Indicadores de progresso, velocidade, capacidade e foco.\"'),('Eduardo Meira Peres','Dinâmica para o planejamento de releases ágeis:o alfabeto perdido de Macondo','PT','Iniciante','50','Mão na Massa','Análise e Planejamento','Sala 1','Sem tradução','110','2012-09-06 09:00:00','2012-09-06 10:00:00','\"O *Alfabeto perdido de Macondo* é um jogo de estratégia para a aprendizagem de processos ágeis de planejamento de releases e iterações. Os participantes serão organizados em pequenos grupos de trabalho para, de forma lúdica, vivenciarem importantes conceitos como débito técnico, velocidade, qualidade e planejamento adaptativo. Ao final da dinâmica, as lições aprendidas serão debatidas no grande grupo e o material do workshop será disponibilizado aos participantes interessados em reproduzir a dinâmica em suas empresas, escolas e projetos.\"'),('Guilherme Heuser Prestes','Testing Day: Vamos todos testar!','PT','Iniciante','','Lightning Talk','Desenvolvimento e Teste','Sala 1','Sem tradução','10','2012-09-06 09:00:00','2012-09-06 10:00:00','Serão explorados casos de sucesso e também erros a serem evitados quando se estiver organizando um Testing Day, com o objetivo de tornar produtiva e divertida uma prática frequentemente considerada maçante e desinteressante: o teste manual.'),('Vinicius Gomes e Ivayr Farah Netto','Praticando o desapego: quando ignorar a dívida técnica','PT','Praticante','','Palestra','Relatos de Experiência','Sala 1','Sem tradução','50','2012-09-06 09:00:00','2012-09-06 10:00:00','\"Então voce se depara com um code-base legado sem testes e com uma grande quantidade de dívida técnica. Sua primeira reação: \"\"Vamos jogar tudo fora e começar do zero!\"\" Logo mais voce acorda e percebe que não há como fugir da situação. Sua próxima reação: \"\"Tá bom, vamos refatorar tudo!\"\". Finalmente, voce cai na real e se dá conta que entregar valor de negócio ao cliente é a prioridade, independente da dívida técnica. Nesta palestra vamos ajudar você que chegou a uma situação similar e precisa encontrar um balanço entre refatoração e entrega da melhor forma possível. Relataremos os nossos aprendizados, episódios de sucesso e também tudo o que não funcionou após alguns anos de consultoria dentro do departamento de TI do maior e-commerce de roupas do mundo.\"'),('Julia Hipolito','Diferenças entre um bom Scrum Master e um Scrum Master eficaz.','PT','Praticante','','Lightning Talk','Gestão e Cultura','Sala 1','Sem tradução','10','2012-09-06 09:00:00','2012-09-06 10:00:00','\"Sabemos que no Scrum não existem funções e sim papéis (Time de desenvolvimento, PO e SM) e o papel principal  do Scrum Master é ser o guardião do processo, aquele que direciona o time e PO a seguirem as boas práticas prospostas pelo framework Scrum. Porém, existem pontos que podem e precisam serem trabalhados no SM, a fim de alcançar a eficácia. Nesta Lightning Talk, poderemos visualizar formas de melhoria contínua do processo e as diferenças na atuação do bom Scrum Master e Scrum Master eficaz.\"'),('Rodrigo Yoshima e Rodolpho Ugolini Neto','A Hora Kanban','PT','Iniciante','35','Mão na Massa','Análise e Planejamento','Sala 1','Sem tradução','110','2012-09-06 09:00:00','2012-09-06 10:00:00','\"A Hora Kanban (ou The Flow Hour) é um jogo que participantes em grupo irão na prática desenvolver um \"\"projeto\"\" usando Kanban e outras práticas Lean.\"'),('Rodrigo Yoshima','Kanban Avançado - Além de Visualizações e Limites','PT','Experiente','','Palestra','Gestão e Cultura','Sala 1','Sem tradução','50','2012-09-06 09:00:00','2012-09-06 10:00:00','\"Kanban, uma abordagem Lean para trabalho do conhecimento, é a nova onda na evolução em gestão e desenvolvimento ágil. Com práticas simples e intuitivas quadros kanban promovem uma excelente transparência do processo, fomentando a colaboração entre pessoas e áreas antes distantes. Limitar trabalho em andamento é uma excelente opção para combater o desperdício e estabilizar o fluxo de valor. Atualmente a comunidade tem se fixado nas caracteristicas mais simples do método Kanban. Nesta palestra serão exploradas os fundamentos principais e as propriedades avançadas de um sistema Kanban para quem busca maior maturidade e previsibilidade dentro de sistemas complexos.\"'),('Luiz Reolon','Construindo muros para derrubar Barreiras - Gestão Visual Ágil','PT','Praticante','','Palestra','Gestão e Cultura','Sala 1','Sem tradução','50','2012-09-06 09:00:00','2012-09-06 10:00:00','\"A tomada de decisões, análise da produtividade e retrabalho, correto endereçamento de riscos e blocks e alinhamento do produto com o a necessidade de negócio, podem ser difíceis em um projeto ágil, onde tudo precisa ser endereçado rapidamente. Vou demonstrar como com um processo simples de Gestão Visual - Situation Wall - podemos melhorar a qualidade do produto, do projeto e do processo ágil. Vou apresentar o conceito, exemplos práticos e resultados obtidos em projetos com contextos diversos.\"'),('Alexandre Freire da Silva','\"Dívida técnica: precisando de crédito? Ou \"\"Como evitar que o cobrador bata na sua porta!\"\"\"','PT','Praticante','','Palestra','Análise e Planejamento','Sala 1','Sem tradução','50','2012-09-06 09:00:00','2012-09-06 10:00:00','\"Dívida técnica é inevitável. Nos projetos de software que participei ou ajudei observo em média investidores ou extremamente conservadores (os perfeccionistas) ou irresponsavelmente agressivos (fãs da gambiarra). Nesta palestra apresento histórias de projetos reais, com orçamentos em R$eais, para compartilhar técnicas e estratégias para quantificar, visualizar e lidar com dívida técnica.\"'),('Rafael Miranda','Do impossível ao impossível: nossa rebelde jornada numa pequena empresa pública federal, em Salvador','PT','Iniciante','','Palestra','Relatos de Experiência','Sala 1','Sem tradução','50','2012-09-06 09:00:00','2012-09-06 10:00:00','\"Nesta palestra será contada a história de como um pequeno grupo de desenvolvedores iniciou um movimento despretensioso, em formato de guerrilha, dentro de uma empresa com cerca de 11 mil funcionários, e conseguiu sair de um contexto tradicional *impossível* _de aceitar_ e chegou (ou está chegando) a uma realidade ágil *impossível* _de (antes) acreditar_. Serão relatados os principais erros cometidos, bem como as maiores vitórias alcançadas, tentando não cair num conto heróico de que tudo foi planejado, muito menos romântico de que não houve danos colaterais desnecessários.\"'),('Eduardo Guerra','Os Tipos de Passo do TDD','PT','Iniciante','','Palestra','Desenvolvimento e Teste','Sala 1','Sem tradução','50','2012-09-06 09:00:00','2012-09-06 10:00:00','O TDD é uma técnica de desenvolvimento de software na qual os testes são criados antes do código propriamente dito. Porém, para desenvolver utilizando TDD é preciso saber mais do que apenas técnicas de criação de testes automatizados. É preciso saber ir dirigindo os testes na direção da funcionalidade que se deseja implementar. Essa palestra irá apresentar o TDD sob essa perspectiva: como um processo. Serão apresentados os tipos de passo que podem ser realizados através da criação de testes para se mover a frente durante o desenvolvimento de uma classe. Para cada tipo de passo, serão mostrados os objetivos o que se obtém como resultado. Um exemplo será utilizado no decorrer da apresentação para demonstrar a aplicação de cada tipo de passo que pode ser dado no TDD.'),('Alexandre Freire da Silva e Fernando Freire da Silva','O que não testar no seu projeto!','PT','Experiente','','Palestra','Desenvolvimento e Teste','Sala 1','Sem tradução','50','2012-09-06 09:00:00','2012-09-06 10:00:00','\"No dia 11/4 houve uma discussão intensa iniciada por um twitt do @DHH e culminando em opiniões interessantes de praticamente todos os nomes referência da área. Nós vemos valor em TDD, mas não somos obcecados pela prática. Não questionamos o valor de ter testes no seu projeto, mas questionamos o valor de se testar absolutamente tudo. Nesta palestra vamos compartilhar várias idéias sobre o que NÃO testar no seu projeto, e além disso ajudar você a entender melhor como testar o que é realmente necessário!\"'),('Marlon Luz','Aprenda a programar somente o necessário com Mogli: O Menino Lobo','PT','Iniciante','','Lightning Talk','Desenvolvimento e Teste','Sala 1','Sem tradução','10','2012-09-06 09:00:00','2012-09-06 10:00:00','\"Faça como Mogli: O Menino Lobo e faça apenas o necessário, programe apenas o necessário. No conceito de Lean Startup você deve testar hipóteses para saber o que o usuário ou cliente quer e fazer apenas o necessário. O extradiordinário pode ser demais.\"'),('Marlon Luz','Fazendo do Scrum um Game para Melhor Adoção do Framework','PT','Iniciante','','Palestra','Gestão e Cultura','Sala 1','Sem tradução','50','2012-09-06 09:00:00','2012-09-06 10:00:00','O diferencial de sucesso para adoção de redes sociais como FourSquare, RunKeeper, Nike+ entre outras é a característica de Jogo que recebe o nome de Gamification, ou seja, o fato de ganhar pontos e badges pelo seu desempenho dentro do contexto e a competitividade com a sua rede de contatos. Essa palestra mostra uma experiência de como usar essa mesma abordagem de jogo para dentro de equipes Scrum fazendo com que as pessoas se engagem mais na adoção do framework e em práticas ágeis.'),('Eduardo Meira Peres e André Koucher Piegas','(Abo)lições aprendidas:para inserir agilidade fora do contexto ágil ideal é necessário abolir lições','PT','Iniciante','','Palestra','Relatos de Experiência','Sala 1','Sem tradução','50','2012-09-06 09:00:00','2012-09-06 10:00:00','Para que possamos inserir agilidade em organizações onde as condições ideais para a adoção de métodos ágeis não estão disponíveis é necessário abolir lições aprendidas. Em (Abo)lições aprendidas serão apresentadas lições idealizadas para a realização de projetos ágeis, mas que devem ser abolidas, eliminadas, quando aplicadas a projetos que não reúnam tais condições ideais. Será enfatizada a importância de percebermos o contexto de um projeto para que possamos definir as práticas ágeis de gerenciamento e de engenharia a serem aplicadas.'),('Andreano Lanusse','Desafios na gestão de equipes virtuais','PT','Experiente','','Palestra','Gestão e Cultura','Sala 1','Sem tradução','50','2012-09-06 09:00:00','2012-09-06 10:00:00','\"Nesta palestra vamos discutir a gestão de equipes virtuais, os motivos que levam empresas a adotarem cada vez mais este modelo, vantagens, desvantagens, desafios e surpresas. Vamos tratar como liderar equipes, modelos de comunicação, gestão de conflitos, motivação, tomada de decisão, colaboração e outros assuntos relacionados ao tema. Durante a apresentação será utilizado casos reais para demonstrar a implantação equipes de desenvolvimento, qualidade e integração distribuidas ao redor do mundo e como o uso metodologias ágeis e tecnologia se tornou fundamental neste processo.\"'),('Paulo Caroli','Kit de atividades para retrospectivas','PT','Praticante','','Mão na Massa','Gestão e Cultura','Sala 1','Sem tradução','110','2012-09-06 09:00:00','2012-09-06 10:00:00','Um bom facilitador de retrospectiva deve conhecer várias atividades que podem ser usadas numa retrospectiva. Nesta apresentação vou compartilhar um kit de atividades para retrospectivas.'),('Julio Maia','Configuration Avoidance','PT','Experiente','','Palestra','Desenvolvimento e Teste','Sala 1','Sem tradução','50','2012-09-06 09:00:00','2012-09-06 10:00:00','\"Gerenciamento de configurações é uma prática relativamente popular. A prática define um método no qual parâmetros de configuração sao gerenciados para cada ambiente. Mesmo que isto seja necessário em algumas situações, esta abordagem requer um custo adicional significante em termos de automação, processos e infra-estrutura. Nesta sessão iremos descrever o processo de gerenciamento de configurações, e descrever métodos com os quais configurações para diversos ambientes podem ser em grande parte normalizadas, evitando o uso de ferramentas e processos para gerir configurações, e de que maneira isto contribui para a construção de build pipelines capazes de lidar com varios ambientes.\"'),('Fernando Kakimoto','O sentimento de construir software distribuido utilizando Ágil','PT','Praticante','','Palestra','Relatos de Experiência','Sala 1','Sem tradução','50','2012-09-06 09:00:00','2012-09-06 10:00:00','Nesta sessão, eu irei falar sobre a experiência de trabalhar em uma das maiores empresas Ágeis do mundo, a ThoughtWorks. Nos últimos 14 meses, meu time passou por diversos desafios ao desenvolver projetos distribuídos, tais como, pareamento remoto, builds demorados e ainda releases mal sucedidos. Embora eu tenha praticado Ágil em outras empresas, eu vivi experiências completamente diferentes na ThoughtWorks e gostaria de compartilhá-las com a comunidade, a fim de que praticantes dessa metodologia tenham o sentimento do que é trabalhar em projetos reais distribuidos usando métodos Ágil.'),('Rodrigo de Toledo e Diego Souza','Importância da Gestão Visual!!! Como incluir o deficiente visual na gestão visual?','PT','Iniciante','','Palestra','Relatos de Experiência','Sala 1','Sem tradução','50','2012-09-06 09:00:00','2012-09-06 10:00:00','\"A gestão visual é presente nos principais métodos ágeis. São diversos os radiadores de informação: Quadro de tarefas'),('Suelen Goularte Carvalho','Padrões Para Implantar Métodos Ágeis','PT','Iniciante','','Palestra','Gestão e Cultura','Sala 1','Sem tradução','50','2012-09-06 09:00:00','2012-09-06 10:00:00','\"A pressão por entregas cada vez mais rápidas no desenvolvimento de software tem feito empresas buscarem conhecimento em métodos ágeis para executarem seus projetos. Porém, existe uma dificuldade das empresas em migrarem de suas metodologias atuais para os métodos ágeis. Esta dificuldade muitas vezes, faz com que as empresas optem por continuarem com seus processos já existentes mesmo que não sejam mais eficientes para a execução dos projetos. Esta apresentação irá apresentar 7 padrões para a implantação de métodos ágeis. Esses padrões podem servir como um guia para pessoas que desejam implantar métodos ágeis em seus times ou organização.\"'),('Cecilia Fernandes','Novatos no seu time ágil? Corra da inércia!','PT','Experiente','','Palestra','Gestão e Cultura','Sala 1','Sem tradução','50','2012-09-06 09:00:00','2012-09-06 10:00:00','\"As dificuldades de transformar uma empresa em ágil são muitas, mas um novo desafio surge quando Agilidade se torna o _status quo_ da empresa. A geração que implantou agilidade frequentemente é muito mais informada sobre as razões de certas práticas existirem e o porquê de elas fazerem pleno sentido em um dado ambiente, mas conforme novas pessoas entram e se deparam com um ambiente que já é ágil, é muito fácil *seguir a inércia e simplesmente fazer o que todos fazem sem entender o valor de cada detalhe*. Essa palestra mostrará o problema da inércia e sugerirá formas de combatê-la e, assim, manter o seu crescente time alinhado e engajado com a melhoria contínua do seu dia a dia de trabalho.\"'),('Juvenal Feitosa e Gustavo Alves','Testes Ágeis - Apoiando o Scrum em projetos de grande porte','PT','Experiente','','Lightning Talk','Desenvolvimento e Teste','Sala 1','Sem tradução','10','2012-09-06 09:00:00','2012-09-06 10:00:00','Apresentar uma reflexão de como utilizar os testes em projetos de grande porte que aplicam Scrum. Adicionalmente, apresentar uma estruturação das atividades de testes ágeis em sintonia com o framework de gerenciamento de projetos Scrum.'),('Jorge Alberto Diz','Qualidade: pensando fora da caixa','PT','Praticante','','Palestra','Desenvolvimento e Teste','Sala 1','Sem tradução','50','2012-09-06 09:00:00','2012-09-06 10:00:00','\"Os modelos estabelecidos para a garantia da qualidade em processos e produtos de software surgiram como complemento a processos prescritivos de desenvolvimento, e não se encaixam bem na filosofia ágil. Por outro lado, alguns agilistas enxergam apenas o desenvolvedor e o dono do produto como atores relevantes. Se faz necessário pensar fora da caixa. É apresentado um conjunto de provocações breves, que instigam a rever os conceitos que o público tem sobre qualidade. Não são apresentadas receitas ou melhores práticas, apenas reflexões a partir das experiências do autor atuando como especialista em QA e participando de times ágeis (nem sempre ao mesmo tempo). As provocações tratam de três eixos da produção de software: processo e gestão, comunicação e fatores humanos, engenharia.\"'),('Lucas Cavalcanti','Otimização prematura é a raiz de todos os problemas. Código limpo é otimização?','PT','Experiente','','Palestra','Desenvolvimento e Teste','Sala 1','Sem tradução','50','2012-09-06 09:00:00','2012-09-06 10:00:00','\"Donald Knuth disse uma vez que otimização prematura é a raiz de todos os males na programação. Quando refatoramos nosso código, estamos otimizando o seu design, legibilidade, métricas e etc. Será que estamos violando o ditado acima? Essa palestra visa discutir se estamos perdendo tempo demais com deixar o código limpo, quando poderíamos estar entregando mais funcionalidades, e até que ponto isso é saudável.\"'),('Guilherme Silveira e Ricardo Valeriano','Dívida técnica de monstro: sua linguagem e suas escolhas','PT','Praticante','','Palestra','Desenvolvimento e Teste','Sala 1','Sem tradução','50','2012-09-06 09:00:00','2012-09-06 10:00:00','\"Pense na linguagem que você mais gosta, agora imagine ela ainda mais produtiva. Alguns preferem dinamismo total, outros rigidez total. Usar conceitos matemáticos mágicos e encantadores. Meta-programação. Trabalhar com OO, pseudo-OO, pseudo-funcional ou funcional. Que tal tudo o que você gosta, com uma sintaxe mais concisa, menos poluída, com mais precisão e menos lixo? Nessa palestra veremos através da experiência da Caelum e mais recentemente em seu trabalho com Scala, como as linguagens e frameworks podem definir o sucesso e o fracasso de um projeto a curto e a longo prazo, além de como o prazer de um desenvolvedor pode ser o pesadelo de uma empresa. E vice-versa. Por fim, o que levar em consideração ao escolher a linguagem do meu novo projeto no mês que vem?\"'),('Manoel Pimentel Medeiros','The Green Lake Strategy - Um metamodelo para design de mercados','PT','Experiente','','Palestra','Inovação e Empreendedorismo','Sala 1','Sem tradução','50','2012-09-06 09:00:00','2012-09-06 10:00:00','\"\"\"Como escapar de um oceano vermelho de competição sangrenta e tornar os concorrentes irrelevantes? Como desbravar e explorar o oceano azul do espaço de um mercado inexplorado?”. Por meio de interessantes questionamentos como esses, o modelo que ficou conhecido como The Blue Ocean Strategy (A estratégia do oceano azul) tornou-se um importante norteador para a criação de produtos e serviços em muitas organizações ao redor do mundo. O objetivo dessa palestra é, além de mostrar os pontos positivos e negativos do modelo The Blue Ocean, apresentar ao público um novo conceito de negócios chamado The Green Lake Strategy (A Estratégia do Lago Verde).\"'),('Fotina Koutropoulos','How to make distributed agile teams work','PT','Praticante','','Lightning Talk','Gestão e Cultura','Sala 1','Sem tradução','10','2012-09-06 09:00:00','2012-09-06 10:00:00','\"This talk is about lessons learned: taking text book tips into real software delivery through teams that have operated across regions such as Melbourne, New York, San Francisco and Porto Alegre. An Australian will share the challenges, tools and practices of building trust, information sharing, better communication, overcoming culture clashes and happy endings. I will go through some Agile practices to tell my story.  Practices such as the classic one of two developers sitting together with one screen and two keyboards to write code - and their belief that \"\"it\'s not real pair programming unless your knees are touching\"\".  Place an ocean between them and 6 hour timezone difference makes it taxing but with some commitment and creativity, distributed teams can work.\"'),('Carlos Lopes e Guilherme Lacerda','Coding by eXamPle: Tornando-se um desenvolvedor profissional','PT','Praticante','40','Mão na Massa','Desenvolvimento e Teste','Sala 1','Sem tradução','110','2012-09-06 09:00:00','2012-09-06 10:00:00','\"Quer se tornar um desenvolvedor profissional? Neste tutorial, apresentaremos como os princípios do Lean Software Development fazem sentido na hora de desenvolver software. A partir destes princípios, veremos como que a adoção de práticas como refactoring, padrões de codificação, integração contínua e testes podem ajudar a entregar software com mais qualidade, principalmente através da escrita de um código mais simples, limpo e, consequentemente, mais fácil de manter. Além disso, apresentaremos exemplos práticos de códigos \"\"sujos\"\" e como estes princípios e práticas (e algumas ferramentas) ajudaram a limpar o código e deixá-lo mais simples.\"'),('Márcio Sete','Guia: Como comprar software for dummies','PT','Iniciante','','Lightning Talk','Gestão e Cultura','Sala 1','Sem tradução','10','2012-09-06 09:00:00','2012-09-06 10:00:00','Nesta rápida apresentação, pretendo provocar os contratantes de software sobre a existência concreta do risco no desenvolvimento de software. De quem é esse risco? Do contratante ou do contratado? Como lidar com esse risco? Quais são as formas existentes de contratação de software? Quais as características de cada uma ?'),('Mauricio Aniche','Saci Pererê Ágil: Mitos e verdades sobre agilidade','PT','Praticante','','Palestra','Gestão e Cultura','Sala 1','Sem tradução','50','2012-09-06 09:00:00','2012-09-06 10:00:00','\"TDD leva a um melhor design, programação pareada faz a equipe ser mais produtiva, e Scrum faz com que seu projeto dê certo. Métodos ágeis possuem um discurso forte, e seus praticantes são, com frequência, religiosos sobre o assunto. Faça um teste: pergunte para seu colega ao lado o que ele acha de TDD. Nesta palestra, apresentarei fatos e, em especial, folclores sobre processos ágeis (e engenharia de software em geral). O que a ciência da computação realmente conhece sobre os efeitos das práticas ágeis? Quando e como devemos usá-las? Ao final, espero que o ouvinte crie um senso crítico e escolha as melhores práticas para sua equipe, não pela sua fama, mas pelos seus efeitos.\"'),('Rodolfo Guidi','Aplicando práticas ágeis em um Task Board de Comercial & Marketing','PT','Praticante','','Lightning Talk','Relatos de Experiência','Sala 1','Sem tradução','10','2012-09-06 09:00:00','2012-09-06 10:00:00','Nesta rápida conversa você verá um modelo de dashboard de gerenciamento de tarefas que aplica kanban e técnicas de priorização desenvolvida por uma equipe comercial e de marketing em TI.'),('Daniel Wildt','MVP! MVP! Criando a primeira versão de um produto - o desafio','PT','Iniciante','50','Mão na Massa','Inovação e Empreendedorismo','Sala 1','Sem tradução','110','2012-09-06 09:00:00','2012-09-06 10:00:00','\"Quando estamos criando novos produtos, o grande problema é saber o que colocar em produção. Vamos fazer uma discussão sobre a criação de um produto de software e brincar com técnicas e ferramentas que podem ajudar a determinar os primeiros passos. Tudo isto em uma estratégia de Startup Dojo, onde as pessoas poderão trocar ideias sobre modelos de negócio e pensar em algum produto para ser desenvolvido, ou fazer uma \"\"engenharia reversa\"\" em um produto existente.\"'),('Camilo Ribeiro e Carlos Palhares','Boas Práticas em Automação','PT','Praticante','','Palestra','Desenvolvimento e Teste','Sala 1','Sem tradução','50','2012-09-06 09:00:00','2012-09-06 10:00:00','\"Um dos fatores de sucesso em projetos ágeis é o teste de software. Uma abordagem TDD pode ser estendida com testes de aceite por toda a aplicação. Nesse contexto testes manuais podem ser lentos e estão longe de ser a prova de falhas. Automação é um conjunto de técnicas, ferramentas e práticas e pode fornecer um feedback rápido ajudando a equipe a focar em novas features enquanto o valor já entregue não é afetado. Mas se usado de maneira inadequada pode dificultar a manutenção, fornecer um feedback lento e impreciso ou mesmo criar um falso sentimento de segurança. Nessa sessão vamos discutir diferentes praticas para evitar alguns erros comuns que levam a esse problemas, usando técnicas para melhorar a nossa cobertura e tornar o código de teste mais limpo e mais fácil de manter.\"'),('Carlos Felippe Cardoso de Resende e Rodrigo de Toledo','\"Escopo é variável, mas... \"\"Quando fica pronto?\"\"\"','PT','Praticante','','Lightning Talk','Análise e Planejamento','Sala 1','Sem tradução','10','2012-09-06 09:00:00','2012-09-06 10:00:00','\"A resposta à pergunta \"\"Quando fica pronto?\"\" em projetos ágeis deve ser respondida de maneira diferente. Ela deve ser uma faixa no tempo, sempre atualizada, levando em consideração a variabilidade da velocidade do time [Mike Cohn, Agile Estimating and Planning] e a incerteza do tamanho do escopo (que é o objeto de pesquisa da presente proposta).\"'),('Daniel Wildt','Sustainable pace, songdoros, e treinos físicos - Faz sentido?','PT','Praticante','','Lightning Talk','Relatos de Experiência','Sala 1','Sem tradução','10','2012-09-06 09:00:00','2012-09-06 10:00:00','Já pensou em assistir uma palestra onde se fala de corridas de 5km, de pomodoro technique, de músicas motivacionais, de ritmo sustentável, eXtreme Programming, musculação e preparação física?'),('Daniel Wildt','Qual é o seu tempo?','PT','Praticante','','Lightning Talk','Gestão e Cultura','Sala 1','Sem tradução','10','2012-09-06 09:00:00','2012-09-06 10:00:00','\"Parto da seguinte afirmação: se eu sei gerenciar meu tempo, saberei controlar melhor minha atuação dentro do time, e saberei apoiar o time e a empresa nos produtos e processos. Vamos tratar de diferentes técnicas de gestão do tempo e entender os impactos no dia a dia e no trabalho em equipe. Alguém pede algo para você. Você memoriza? Pede para lhe enviarem um email? Anota em papel? E quando se dá retorno? E... como você organiza seu tempo? Como prioriza? E o que faz primeiro? E as urgências? Falaremos de técnicas para ajudar a organizar as ideias e demandas que aparecem, técnicas para dar foco durante o dia e visões de organização da semana e do dia. Ainda com tudo isto falaremos de metas e entender como formamos nossas metas e como garantir que elas vão acontecer.\"'),('Rafael Nascimento','Team building: A arte de transformar grupos em times','PT','Praticante','','Palestra','Gestão e Cultura','Sala 1','Sem tradução','50','2012-09-06 09:00:00','2012-09-06 10:00:00','Para formarmos times de alta performance, não basta selecionar um grupo de profissionais, ensinar-lhes a trabalhar com o método ágil que melhor endereça o nosso problema e prover-lhes as ferramentas necessárias para a execução de suas tarefas. É fundamental que, periodicamente, os membros da equipe reflitam, juntos, sobre todos os motivos que os mantém trabalhando juntos em busca de um objetivo comum. Dos valores e experiência de cada membro à visão de onde a equipe precisa chegar para que seja definida como uma equipe bem-sucedida. Para tal, sessões de team building auxiliam os times na reflexão e reafirmação de sua própria existência e propósito.'),('Daniel Teixeira e Rodrigo de Toledo','Pair Coaching','PT','Praticante','','Palestra','Relatos de Experiência','Sala 1','Sem tradução','50','2012-09-06 09:00:00','2012-09-06 10:00:00','\"Trabalho em par tem mostrado benefícios em diversas áreas: programação, cargos de liderança, educação acadêmica. Existem diversas áreas em que essa prática traz benefícios e em outras nem tanto. Nesta palestra propomos uma visão desta prática sobre o coaching. Traçamos os pontos de interesse nesta prática que percebemos durante a nossa experiência.\"'),('Mauricio Matsuda e Michael Kuhinica','Insira seu codigo_sujo.js aqui','PT','Praticante','','Palestra','Desenvolvimento e Teste','Sala 1','Sem tradução','50','2012-09-06 09:00:00','2012-09-06 10:00:00','\"Está cansado de debugar o seu código JavaScript e perder tempo corrigindo bugs? Esta palestra irá ensinar dicas e técnicas para você escrever, de uma vez por todas, códigos mais limpos e fáceis de trabalhar, para você focar em features de valor e não perder tempo caçando bugs. Usando técnicas de TDD com QUnit e refactoring, mostraremos através de exemplos, como escrever código coeso e pouco acoplado. Assim você terá mais segurança e confiança para fazer alterações de features, atualizar plugins como jQuery, entre outras coisas.\"'),('Robinson Castilho','O jeitinho brasileiro de manter um time ágil distribuído','PT','Praticante','','Lightning Talk','Relatos de Experiência','Sala 1','Sem tradução','10','2012-09-06 09:00:00','2012-09-06 10:00:00','\"Gostar de trabalhar em casa, localização geográfica distinta e capacidade de acordar cedo (ou não, na maioria das vezes) faz com que o time nem sempre esteja trabalhando no mesmo local e horário. Neste lightning talk abordarei dicas e ferramentas que estamos utilizando para desenvolver com sucesso, a mais de um ano, um produto implantado em todo o Brasil para uma das montadoras japonesas que mais cresce por aqui.\"'),('Rafael Nascimento','Os princípios lean para desenvolvimento de software','PT','Iniciante','','Lightning Talk','Gestão e Cultura','Sala 1','Sem tradução','10','2012-09-06 09:00:00','2012-09-06 10:00:00','O pensamento lean, cada vez mais, mostra-se como um caminho natural pós-agilidade. Diante desta realidade, é natural que muitas empresas, ávidas por sucesso em seus produtos e projetos, busquem as práticas lean sem antes conhecer e compreender os princípios que as regem. Este lightning talk auxiliará na compreensão de cada um dos 7 princípios lean para desenvolvimento de software, os reais motivadores de cada prática lean.'),('Rafael Prikladnicki e Manoel Pimentel Medeiros','A Agile Brazil daqui dez anos','PT','Praticante','','Palestra','Gestão e Cultura','Sala 1','Sem tradução','50','2012-09-06 09:00:00','2012-09-06 10:00:00','A Agile Brazil é a mais relevante conferência brasileira sobre metodologias ágeis de desenvolvimento de software. As edições de 2010 e 2011 reuniram mais de 1.500 profissionais durante uma semana para discutir diversos assuntos de interesse da comunidade ágil. Este evento é organizado todo o ano por um grupo de voluntários e apaixonados pelo tema. Nesta lightning talk nosso objetivo, como membros da equipe de organização das últimas edições do evento, é apresentar nossas percepções sobre como a Agile Brazil pode se perpetuar como um evento de referência da comunidade ágil nacional.'),('Luiz Claudio Parzianello','Análise de Negócios e Agilidade, uma Combinação de Sucesso!','PT','Praticante','','Palestra','Análise e Planejamento','Sala 1','Sem tradução','50','2012-09-06 09:00:00','2012-09-06 10:00:00','Dentre os doze princípios do Manifesto Ágil, podemos encontrar referências a satisfazer o cliente mediante a entrega contínua e antecipada de software com valor agregado, a aceitar as mudanças para garantir a vantagem competitiva do cliente e a arte de maximizar a quantidade de trabalho não realizado. O que muitos ainda não se deram conta é que esses três princípios estão diretamente relacionados a problemas de negócio e não somente a problemas de software. Esta palestra tem por objetivo mostrar como a Extensão Ágil do BABOK (Business Analysis Body of Knowledge), um trabalho conjunto entre IIBA (International Institute of Business Analysis) e Agile Alliance, foi estruturada para tornar a Análise de Negócios uma forte aliada na adoção dos princípios e práticas ágeis em ambientes de negócio.'),('Dairton Bassi','De Startup a grande empresa','PT','Praticante','','Palestra','Inovação e Empreendedorismo','Sala 1','Sem tradução','50','2012-09-06 09:00:00','2012-09-06 10:00:00','\"A estratégia adotada pela Dafiti para a entrada no mercado foi orientada por resultados extremamente agressivos. E temos conseguido resultados expressivos. Hoje a empresa já é um dos maiores e-comerces do Brasil e o seu site é 57º mais acessado do Brasil conforme o ranking da Alexa. O alinhamento de TI com as área de negócio foi fundamental para a esses resultados. Vamos discutir fatores e táticas que colaboraram para o crescimento de uma startup de algumas dezenas de funcionários para uma empresa que hoje possui mais de 1.000 colaboradores.\"'),('Jenny Wong e Danilo Sato','The role of Agile analysis in Continuous Delivery','PT','Praticante','','Palestra','Análise e Planejamento','Sala 1','Sem tradução','50','2012-09-06 09:00:00','2012-09-06 10:00:00','\"What is Continuous Delivery and what role does analysis play in this context? Does this change in the different stages through the lifecycle of the project? How the engineering practices that support Continuous Delivery rely on good analysis? Come and discuss the guiding principles that drive analysis, and how it translates into everyday practices.\"'),('Marcelo Luis Walter e Ramon Tramontini','\"\"\"Metamorfose Ambulante\"\" by M.A.D. Team\"','PT','Praticante','','Palestra','Relatos de Experiência','Sala 1','Sem tradução','50','2012-09-06 09:00:00','2012-09-06 10:00:00','\"M.A.D. Team é uma equipe que procura se manter ágil apesar dos pesares. Somos uma equipe grande, trabalhamos com código legado, temos dificuldade nas respostas dos clientes e somos bem heterogêneos em conhecimentos, experiências e valores pessoais. Mesmo assim, temos um compromisso em seguir práticas ágeis. E somos bons nisso! Esta palestra irá mostrar como uma equipe que começou pequena e sem grandes pretensões hoje é um exemplo de produtividade, qualidade, motivação e compromisso. Elevamos ao máximo o seguinte valor: Não temos medo de melhorar, nunca! Crescemos com práticas e valores de XP, Scrum e Kanban e, talvez por não se prender somente a uma delas, descobrimos um processo realmente nosso, onde a evolução se torna fundamental para o nosso sucesso. Uma experiência cativante!\"'),('Gabriel Notari','Fazendo do limão uma limonada: recuperando um portfólio com o auxílio de métodos ágeis','PT','Praticante','','Palestra','Relatos de Experiência','Sala 1','Sem tradução','50','2012-09-06 09:00:00','2012-09-06 10:00:00','Esta sessão tem por objetivo apresentar um caso real de recuperação de um portfólio de projetos com o auxílio de práticas ágeis e lean. Serão apresentadas a situação em que o portfólio se encontrava e o porquê do mesmo ser considerado com problemas, os problemas que este enfrentava, e um relato das principais ações em nível de portfólio e de projeto que fizeram com que o mesmo tivesse sucesso. Por fim, será apresentada a situação atual do projeto, e medidas de sucesso.'),('Mozair Carmo','iterações: melhor sem elas?','PT','Praticante','','Palestra','Análise e Planejamento','Sala 1','Sem tradução','50','2012-09-06 09:00:00','2012-09-06 10:00:00','\"Já teve aquela sensação que as iterações estavam sendo empecilho em seu projeto? Já viu a velocidade oscilar entre iterações pares e ímpares fazendo os Scrum Masters, Product Owners and Gerentes arrancarem os cabelos? Já parou para pensar que todo este modelo artificial pode não ser necessário em seu caso? Venha participar desta estória polêmica sobre um time ágil que passa por uma crise de meia-vida-de-projeto onde questionaremos algumas das práticas e processos que parecem ser o feijão com arroz quando se pensa em agilidade.\"'),('Flavio Logullo','Meu produto não tem 1 milhão de usuários, e agora?','PT','Praticante','','Palestra','Inovação e Empreendedorismo','Sala 1','Sem tradução','50','2012-09-06 09:00:00','2012-09-06 10:00:00','\"Ter um produto que alcance a alta escala rapidamente é a exceção no mercado cheio de boas idéias. No entanto, entregar o que o cliente quer, quando ele quer, onde ele quer, pode ser o gatilho para um crescimento sustentável de qualquer produto ou serviço. Antes de sair fazendo qualquer coisa é indicado responder a perguntas como: O que fazer? Quais atividades devo manter? Quais números podem me guiar? Design Thinking, Customer Development, Service Design, Experiência do Usuário (UX),  Estratégia de Social Media, Métricas e Persistência podem ajudar a responder estas perguntas e dar várias idéias para o negócio.\"'),('Daniel Capo Sobral','Gestão Automática de Configuração usando Puppet','PT','Iniciante','40','Mão na Massa','Desenvolvimento e Teste','Sala 1','Sem tradução','110','2012-09-06 09:00:00','2012-09-06 10:00:00','Sessão prática ensinando os fundamentos de gestão de configuração através da ferramenta Puppet, introduzindo agilidade e confiabilidade na administração de sistemas Unix/Linux. Recomendamos aos participantes que tragam notebooks configurados com Ubuntu ou outro sistema Unix/Linux, e com os pacotes puppet e puppetmaster (ou equivalentes) instalados.'),('Luca Bastos','Painel com empreendedores','PT','Iniciante','','Palestra','Inovação e Empreendedorismo','Sala 1','Sem tradução','50','2012-09-06 09:00:00','2012-09-06 10:00:00','Painel com empreendedores digitais bem conhecidos para uma conversa entre eles conduzida por um apresentador que os leve em um papo informal, a contar como começaram, como criaram a empresa, dificuldades iniciais, como se financiaram, como observam as oportunidades do empreendedorismo digital atualmente no Brasil e qual recado para quem quer empreender.'),('Tiago Motta','Testes unitários e de integração. Quando usar e porque.','PT','Experiente','','Palestra','Desenvolvimento e Teste','Sala 1','Sem tradução','50','2012-09-06 09:00:00','2012-09-06 10:00:00','Quando implementar testes unitários e quando implementar testes de integração? Quais os objetivos deles e quais sãos problemas que o mal uso deles pode acarretar?  Demonstrarei na prática com um projeto de exemplo os benefícios de cada um e como resolver problemas comuns do dia a dia. Seguiremos um passo a passo utilizando uma abordagem outside-in seguindo a linha demonstrada no livro Growing Object Oriented Software Guided by Tests.'),('Joaquim Torres','Guia da Startup, como startups e não-startups podem criar e gerenciar produtos web rentáveis','PT','Iniciante','','Palestra','Inovação e Empreendedorismo','Sala 1','Sem tradução','50','2012-09-06 09:00:00','2012-09-06 10:00:00','De um lado, fazer um produto web está cada vez mais simples. Tanto a infra-estrutura necessária para manter um produto web funcionando quanto fazer divulgação segmentada com o auxílio de ferramentas como Google e Facebook estão cada dia mais acessíveis e fáceis de usar. Do outro lado, a capacidade técnica existe, basta ver a ótima qualidade dos projetos que são feitos para sites de grandes campanhas ou de ecommerce. Por que então não vemos produtos web de qualidade em abundância no Brasil? Nessa palestra irei compartilhar um pouco do que aprendemos nesses anos desenvolvimento de produtos na Locaweb para que possamos trocar experiências e, quem sabe, inspirar mais desenvolvedores a fazer novos produtos web brasileiros de sucesso.'),('Tiago Silva da Silva','There’s no magic: esforços para integrar Agile e UX','PT','Praticante','','Palestra','Análise e Planejamento','Sala 1','Sem tradução','50','2012-09-06 09:00:00','2012-09-06 10:00:00','\"É indiscutível que Usabilidade/User eXperience tem-se tornado cada vez mais importante no desenvolvimento de produtos, deixando de ser um diferencial e tornando-se requisito básico para um sistema de sucesso. Logo, avaliar a usabilidade de um produto apenas ao final do seu processo de desenvolvimento deixa de ser uma opção, e passa a ser necessário que aspectos de Usabilidade passem a ser tratados desde a concepção do produto até sua entrega ao mercado e/ou cliente. Os principais objetivos desta palestra são apresentar práticas utilizadas para a integração de User eXperience e Desenvolvimento Ágil, e apresentar relatos práticos de contextos nos quais determinadas práticas funcionaram e nos quais elas não funcionaram.\"'),('Luciana Silva','Alinhamento dos fusos - Uma estratégia de competitividade para as organizações atuais.','PT','Praticante','','Lightning Talk','Gestão e Cultura','Sala 1','Sem tradução','10','2012-09-06 09:00:00','2012-09-06 10:00:00','\"O desafio de desenvolver software com qualidade, cada vez mais rápido, usando equipes distribuídas geograficamente, e em um contexto global cada vez mais exigente e mutável, faz com que o alinhamento do fuso horário seja um fator chave para as empresas que buscam alcançar vantagem competitiva frente a seus concorrentes. O objetivo deste trabalho é explorar as oportunidades criadas pelo modelo distribuído de desenvolvimento de software.\"'),('Alberto Bastos','Onze Times e Um Destino – Case de Integração Scrum de Scrums','PT','Praticante','','Palestra','Relatos de Experiência','Sala 1','Sem tradução','50','2012-09-06 09:00:00','2012-09-06 10:00:00','O desafio de migrar 80 profissionais trabalhando no modelo “waterfall” para um único time com 11 equipes Scrum, de perfil multidisciplinar incluindo analistas de software, testes, designers, especificadores, documentadores e adoção do “DevOps” para integrar o desenvolvimento de software também com o pessoal de Operações e Quality Assurance. O case abordará o Scrum de Scrums com aspectos práticos da gestão do Product Roadmap X Product Backlog de várias equipes, Product Owner X Product Manager, reuniões Daily Scrum X Daily Scrum of Scrums, Sprint Review em conjunto, Scrum Room para coordenar o trabalho, métricas de acompanhamento dos times, com Sprints de 14 dias e ciclos de lançamento dos releases para o mercado. Será distribuído um guia contendo dicas e práticas documentadas.'),('Fernando de la Riva','Lean Startup das trincheiras, Reflexões e aprendizados depois de 12 meses de implantação','PT','Experiente','','Palestra','Inovação e Empreendedorismo','Sala 1','Sem tradução','50','2012-09-06 09:00:00','2012-09-06 10:00:00','Após quatro ciclos de aprendizado, Waterfall, Rup(2004) e Scrum (2007), a adoção de custdev + BMG além de Métodos ágeis (2011) alterou a forma como os produtos de SW são feitos pelos times da Concrete. Isso valeu tanto para projetos, quanto nas startups do fundo moonlight.'),('Adriano Almeida e Paulo Silveira','Casa do Código: A criação de uma editora Lean em 4 meses','PT','Praticante','','Palestra','Inovação e Empreendedorismo','Sala 1','Sem tradução','50','2012-09-06 09:00:00','2012-09-06 10:00:00','\"Ter escrito um livro através de uma editora tradicional mostrou um mercado de oportunidades: por que demora tanto publicar um livro? Por que no Brasil é difícil a editora fornecer os formatos digitais? Como cortar atravessadores? Como tornar o processo de revisão painless? Usando software opensource e construindo uma infra-estrutura que começou do zero, foi possível em 2 meses fazer a primeira venda e ganhar o primeiro real. Estoque zero, integração contínua, custos enxugados, testes entre outras práticas foram e estão sendo usadas para que a empresa tenha sucesso. Percalços também acontecem, desafios é o que não faltam e objetivo da palestra é passar adiante a grande experiência adquirida nesse espaço de tempo.\"'),('Raquel Vilas Boas e Karinne Bezerra','Amadurecendo modelos de gestão de pessoas em uma cultura ágil','PT','Praticante','','Palestra','Gestão e Cultura','Sala 1','Sem tradução','50','2012-09-06 09:00:00','2012-09-06 10:00:00','Gestão de pessoas é um tema que tradicionalmente deixa agilistas de cabelo em pé. E o mundo ágil parece bem estranho e utópico para quem vem das escolas de Gestão de Pessoas. Nessa sessão, iremos propor um encontro entre esses mundos e possíveis modelos e referências para gestão de pessoas em organizações abertas ao diálogo com os princípios ágeis. Vamos ainda apresentar como os modelos de gestão de pessoas podem evoluir rumo a uma cultura cada vez mais ágil e como isso tem tudo a ver com a ideia de auto-gestão.'),('Aaron Erickson','Understanding the MVP - Connecting Continuous Delivery to the Lean Startup Movement','PT','Praticante','','Palestra','Inovação e Empreendedorismo','Sala 1','Sem tradução','50','2012-09-06 09:00:00','2012-09-06 10:00:00','\"The minimum? Why would I only want to do the minimum? It seems counter-intuitive - the idea that the best path forward when embarking on new product development should focus on the smallest possible product. Why not go big and try to launch with a big splash? Won\'t your customers be turned off by a lack of features and glorious complexity? As it turns out, taking the path of humility towards your market is a far more productive path. You can start with a small hypothesis and test that hypothesis against real customers. Using continuous delivery, you can rapidly iterate over your product, using data, rather than opinion, to guide your product development efforts. Such an approach not only costs less money, it allows you to vet the initiative before it becomes too big to fail.\"'),('Samuel Crescêncio','Value Stream Mapping Workshop','PT','Iniciante','50','Mão na Massa','Análise e Planejamento','Sala 1','Sem tradução','110','2012-09-06 09:00:00','2012-09-06 10:00:00','Princípios fundamentais do Lean incluem a eliminação absoluta de desperdícios, a maximização do fluxo de valor e a diminuição do tempo de resposta de uma requisição. Entender os fluxos e promover um correto e efetivo balanceamento da demanda de acordo com a capacidade produtiva é essencial para que se possa maximizar a eficiência operacional. Neste workshop iremos exercitar ferramentas que nos auxiliarão nesses objetivos. Iremos aprender sobre os tipos de desperdício existentes e também como poderemos otimizar o fluxo de valor com o uso do mapeamento do fluxo de valor (Value Stream Mapping) e do Kanban.'),('Alexandre Magno','Learning 3.0 - Aprendizado na era do conhecimento','PT','Praticante','80','Mão na Massa','Gestão e Cultura','Sala 1','Sem tradução','110','2012-09-06 09:00:00','2012-09-06 10:00:00','Ok, estamos no século da complexidade e queremos que as organizações e seus gestores mudem o mindset. Mas se mudança e aprendizado andam sempre juntas, será que para que isso aconteça não temos que mudar radicalmente a forma com que profissionais e organizações aprendem?'),('Felipe Furtado','Quando o uso do Sprint Burndown pode atrapalhar','PT','Experiente','','Palestra','Gestão e Cultura','Sala 1','Sem tradução','50','2012-09-06 09:00:00','2012-09-06 10:00:00','A medição é algo potencialmente perigoso. Quando se mede qualquer indicador de performance, incorre-se no risco de piorá-la. O simples fato de medir faz com que a pessoa, cada vez mais, foque apenas na dimensão que está sendo medida. Esta palestra irá abordar os riscos de utilizar o sprint burndown como indicador para medição de produtividade individual.'),('Ramiro Batista da Luz','Ferramenta para dojo de programação: Polyglot Enviroment.','PT','Iniciante','','Lightning Talk','Desenvolvimento e Teste','Sala 1','Sem tradução','10','2012-09-06 09:00:00','2012-09-06 10:00:00','A sessão irá apresentar a ferramenta Polyglot Enviroment, uma ferramenta para auxiliar a realização de dojo de programação. Também será apresentado o código fonte e como estender a ferramenta para sua linguagem favorita.'),('Yuri Gitahy','Startup, iterate, and die!','PT','Praticante','','Palestra','Inovação e Empreendedorismo','Sala 1','Sem tradução','50','2012-09-06 09:00:00','2012-09-06 10:00:00','Enquanto a mídia brasileira comemora o maravilhoso mundo das startups, investidores e empresas bilionárias, cada vez mais pessoas dedicam milhares de horas para conseguirem engrenar empresas fadadas ao fracasso. Entenda porque sua startup vai morrer, como acelerar esse processo e por que você deve continuar tentando.'),('Marcelo Gomes de Macedo','\"Trocando o \"\"motor\"\" em pleno vôo! Neblina e Tempestades! Como vencemos utilizando AGILE?\"','PT','Praticante','','Palestra','Relatos de Experiência','Sala 1','Sem tradução','50','2012-09-06 09:00:00','2012-09-06 10:00:00','\"Utilizando o tema proposto, este relato traz ao público do Agile Brazil 2012 a experiência da aplicação de metodologias e princípios ágeis na migração de um sistema crítico onde conhecer o todo não era possível, virada de chave não era uma opção e a empresa crescia exponencialmente. Com base no estudo de tentativas anteriores de migração deste sistema, montamos um plano de vôo fundamentado nos conceitos ágeis, reunimos a tripulação e partimos para a troca do motor em um vôo com 10% de visibilidade na decolagem e uma trajetória repleta turbulências, tempestades e mudanças de rota! Embarque na história deste vôo e venha trocar experiências sobre Scrum, Lean, XP, Formação de Times, Testes Automatizados, Business Analysis, UX e dificuldades do dia-a-dia de times ágeis!\"'),('Saulo Arruda','Querem me comprar, e agora?','PT','Iniciante','','Lightning Talk','Inovação e Empreendedorismo','Sala 1','Sem tradução','10','2012-09-06 09:00:00','2012-09-06 10:00:00','\"O mercado está sedento por novas idéias e boas equipes e se você fizer um bom trabalho será surpreendido com uma proposta para \"\"comprar\"\" seu passe. E isso aconteceu com a Jera duas vezes. Mas o que isso significa? Vou falar um pouco do que todo mundo deveria saber (inclusive eu) sobre vender seu negócio (ou parte dele), receber investimento, ser fundido a outra empresa e coisas do tipo. Esta não é uma sessão técnica, mas sim um pouco de informação básica sobre a questão jurídica, administrativa, comercial e operacional desse mundo tão falado de investimentos e aquisições de empresas.\"'),('Linda luu e Francisco Martin','Agile experience design: when developers and designers become a match made in heaven <3','PT','Praticante','','Palestra','Análise e Planejamento','Sala 1','Sem tradução','50','2012-09-06 09:00:00','2012-09-06 10:00:00','\"What does an organization moving away from big upfront design look like? How do you set up your teams for successful agile design? How do you focus on the right idea to take to market? What\'s all this talk about lean? In this session we will explore pragmatic techniques in agile design to get you moving in the right direction - faster - and all in piece!\"'),('Hugo Corbucci','Startups: o sonho dos 80% de fracasso','PT','Iniciante','','Lightning Talk','Inovação e Empreendedorismo','Sala 1','Sem tradução','10','2012-09-06 09:00:00','2012-09-06 10:00:00','\"A humanidade sempre teve um fascínio por pessoas que assumem um alto risco e obtem sucesso. Somos muito bons em ignorar todos os outros que assumiram o mesmo risco e perderam. O hype das startups de crescimento não é diferente. Se estiver pensando em começar uma startup, já estiver em uma ou só estiver curioso a respeito, venha entender porque deveria pensar duas vezes antes de partir pro ataque e procurar seu primeiro bilhão. Essa proposta apresentará outras formas de atingir o sucesso com maior consciência social, tanta diversão e menos risco.\"'),('Alisson Vale','Jogando o novo jogo do trabalho do conhecimento com Lean, Kanban e Agile','PT','Iniciante','','Palestra','Gestão e Cultura','Sala 1','Sem tradução','50','2012-09-06 09:00:00','2012-09-06 10:00:00','Nessa palestra serão apresentadas algumas idéias, modelos e ferramentas trazidos para a indústria de Software recentemente que podem nos ajudar a entender melhor a dinâmica do novo jogo do trabalho do conhecimento. Será discutido o papel do Lean, Kanban e Agile nessas mudanças e como suas técnicas e conceitos podem nos ajudar a jogar melhor esse novo jogo.'),('Neil Craven','The uses and abuses of Cucumber, Spinach and other vegetables.','PT','Praticante','','Palestra','Análise e Planejamento','Sala 1','Sem tradução','50','2012-09-06 09:00:00','2012-09-06 10:00:00','\"Lots of teams use Cucumber, Spinach, Steak, Fitnesse etc to describe some acceptance criteria/tests. Many of these teams find these tools for BDD a hinderance and a pain to maintain. The premise of this talk is that many teams use the tools without understanding why they\'re useful, or even how to use them properly. I\'ll cover the real reasons to use BDD so you can decide whether the advantages are useful for your team. I\'ll describe when and how to use the tools (and how not to) with real life examples. For those using the tools already, I\'ll cover some common pain points and how to overcome them without much disruption.\"'),('Saulo Arruda','Comunidade de Startups, como criar a sua?','PT','Iniciante','','Lightning Talk','Inovação e Empreendedorismo','Sala 1','Sem tradução','10','2012-09-06 09:00:00','2012-09-06 10:00:00','Lá perto do Paraguai em um lugar desconhecido um grupo de empreendedores se juntou para mudar uma realidade: tornar o lugar um terreno fértil para novas idéias e propício para execução dessas idéias. Dessa iniciativa surgiu o Startup MS, um grupo de empreendedores de tecnologia que está mudando a visão dos empreendedores, investidores, governo e universidade no Mato Grosso do Sul. Em apenas 1 ano esse grupo apresentou pessoas, organizou e participou de vários eventos, ajudou na fundação da célula da Anjos do Brasil no MS e da incubadora tecnológica da prefeitura de Campo Grande, além de atrair investimento e negócios para várias empresas. Em 10 minutos vou contar um como essa história aconteceu.'),('Matheus Haddad','\"Conhecimento é o fator mais importante para o sucesso de uma empresa\"','PT','Praticante','','Lightning Talk','Gestão e Cultura','Sala 1','Sem tradução','10','2012-09-06 09:00:00','2012-09-06 10:00:00','\"Esta apresentação tem como objetivo mostrar que o conhecimento é o principal fator de sucesso de qualquer empresa ou projeto. Será apresentado um esquema que mostra a relação de qualquer empresa com o conhecimento disponível no mercado e como ele pode ser maximizado com métodos ágeis. Esta compreensão se torna muito importante porque já não estamos mais na era industrial, onde os processos definidos e os métodos de produção não levavam em consideração o conhecimento das pessoas. Agora, precisamos entender a dinâmica do conhecimento nas nossas empresas e projetos, compreendendo como a obtenção e a utilização do conhecimento é determinante para o sucesso ou fracasso do negócio.\"'),('Hamilton Fonte II','Veja São Paulo - Um produto desenvolvido em outsourcing com times fisicamente dispersos','PT','Experiente','','Palestra','Relatos de Experiência','Sala 1','Sem tradução','50','2012-09-06 09:00:00','2012-09-06 10:00:00','Contar como foi o desenrolar do projeto Veja São Paulo. Apresentar o projeto, as lições aprendidas com erros e acertos e os desafios de se executar um projeto ágil com o time distribuído em uma empresa de 40 anos de idade e uma cultura waterfall entranhada em sua alma.'),('Maurilio Alberone e Yuri Gitahy','Workshop Bizstart Pocket','PT','Praticante','30','Mão na Massa','Inovação e Empreendedorismo','Sala 1','Sem tradução','110','2012-09-06 09:00:00','2012-09-06 10:00:00','A inovação apenas no produto não é suficiente. Empresas de sucesso também precisaram investir recursos na construção de modelos de negócio inovadores. Além disso, o que faz um negócio baseado em tecnologia bem sucedido não é o melhor planejamento inicial (plano de negócio), mas sim encontrar um modelo que funcione antes de ficar sem recursos.'),('Nathaniel Cadwell','Coaching Creatives: New Ideas from Dead Artists','PT','Experiente','','Palestra','Gestão e Cultura','Sala 1','Sem tradução','50','2012-09-06 09:00:00','2012-09-06 10:00:00','What do a 17th century painter’s workshop, an international photographic cooperative, and an early 20th century design house have in common with a modern software development team? On the surface it may not seem like much, but bringing a group of makers together to work presents special challenges and opportunities, regardless of field. In this session we’ll explore what worked, and didn’t, for several groups of historical makers. We’ll explore parallels with agile software development teams, and discuss coaching strategies around the examples provided.'),('Danilo Sato','Refatoração em Larga Escala','PT','Experiente','','Palestra','Desenvolvimento e Teste','Sala 1','Sem tradução','50','2012-09-06 09:00:00','2012-09-06 10:00:00','\"Refatoração é uma prática essencial em XP que permite a evolução do design conforme aprendemos mais sobre o domínio e o sistema sendo desenvolvido. Martin Fowler define refatoração como \"\"uma técnica disciplinada para reestruturar código, alterando sua estrutura interna sem alterar seu comportamento externo\"\". Cada refatoração é uma transformação pequena e isolada, porém o grande valor vem quando uma série de refatorações são usadas em sequência e em conjunto. Atualmente, IDEs modernas possuem ferramentas para executar refatorações porém o desenvolvedor ainda é responsável por definir quais refatorações usar. Nessa palestra discutiremos formas de traçar estratégias de refatoração em larga escala, abordando tópicos como: design OO, testes automatizados, coding katas e mudanças arquiteturais.\"'),('Francisco Edmundo de Andrade','Testes de aceitação automatizados evidenciam rastreabilidade, cobertura e desempenho do software','PT','Praticante','','Palestra','Desenvolvimento e Teste','Sala 1','Sem tradução','50','2012-09-06 09:00:00','2012-09-06 10:00:00','\"Com a ampla disseminação dos métodos ágeis nos últimos anos, a automação de testes tornou-se popular entre os desenvolvedores de software. O custo da escrita de testes automatizados (de aceitação, de unidade etc.) costuma ser compensado pelo maior grau de confiabilidade e de manutenibilidade do software resultante. O objetivo da palestra é demonstrar como os testes de aceitação automatizados podem subsidiar a gestão dos produtos de software, evidenciando características importantes tais como: rastreabilidade com requisitos, rastreabilidade com código-fonte, cobertura de código e desempenho. Durante a demonstração, serão utilizadas soluções de código aberto.\"'),('Diogo Aguilar','Bootstrapping: A arte de transformar R$ 3.600,00 em R$ 1.000.000,00','PT','Iniciante','','Palestra','Inovação e Empreendedorismo','Sala 1','Sem tradução','50','2012-09-06 09:00:00','2012-09-06 10:00:00','Nada é impossível, esta palestra demonstra como o empreendedor pode tirar de onde não tem e por onde não cabe, dicas práticas e sem enrolação para criação de uma empresa com o mínimo de investimento possível.'),('Thais Dalcin e Luiz Claudio Parzianello','Implantando a Cultura Ágil em Larga Escala, o Case do Grupo RBS','PT','Praticante','','Palestra','Relatos de Experiência','Sala 1','Sem tradução','50','2012-09-06 09:00:00','2012-09-06 10:00:00','O Grupo RBS é uma das maiores empresas de comunicação multimídia do Brasil e a mais antiga afiliada da Rede Globo. Possui quase 7.000 colaboradores atuando na concepção e operação de emissoras de TV, rádio, jornais, eventos, produtos e serviços digitais, entre outros. Desde 2009, vem passando por um profundo processo de transformação cultural para se tornar uma empresa de excelência e impulsionar a sua estratégia de crescimento. Esta palestra tem por objetivo mostrar como os valores, princípios e práticas ágeis estão sendo utilizados como base para a implantação de novas diretrizes que impulsionem a gestão de pessoas e projetos para a consolidação de uma cultura de excelência, melhoria contínua e meritocracia.'),('Khawaja Shams','Agile Software for Mission Critical Operations at the NASA Jet Propulsion Laboratory','PT','Iniciante','','Palestra','Relatos de Experiência','Sala 1','Sem tradução','50','2012-09-06 09:00:00','2012-09-06 10:00:00','\"Come and learn what it really means to do Agile Software Development at NASA! In this fast paced talk, we cover distributed teams, SCRUM, programming environment, coffee breaks, and the ecosystem that facilitates our software development. We see our agile software development environment is an unfinished piece of art that we are continuously refining. We will give you a sneak peak on the current status and share key insights about software development at NASA!\"');
/*!40000 ALTER TABLE `grade` ENABLE KEYS */;
UNLOCK TABLES;

--
-- Table structure for table `notebooks`
--

DROP TABLE IF EXISTS `notebooks`;
/*!40101 SET @saved_cs_client     = @@character_set_client */;
/*!40101 SET character_set_client = utf8 */;
CREATE TABLE `notebooks` (
  `user_id` int(11) NOT NULL,
  `talk_id` int(11) NOT NULL
) ENGINE=InnoDB DEFAULT CHARSET=utf8 COLLATE=utf8_unicode_ci;
/*!40101 SET character_set_client = @saved_cs_client */;

--
-- Dumping data for table `notebooks`
--

LOCK TABLES `notebooks` WRITE;
/*!40000 ALTER TABLE `notebooks` DISABLE KEYS */;
INSERT INTO `notebooks` VALUES (1,13),(1,22),(1,1),(1,45);
/*!40000 ALTER TABLE `notebooks` ENABLE KEYS */;
UNLOCK TABLES;

--
-- Table structure for table `schema_migrations`
--

DROP TABLE IF EXISTS `schema_migrations`;
/*!40101 SET @saved_cs_client     = @@character_set_client */;
/*!40101 SET character_set_client = utf8 */;
CREATE TABLE `schema_migrations` (
  `version` varchar(255) COLLATE utf8_unicode_ci NOT NULL,
  UNIQUE KEY `unique_schema_migrations` (`version`)
) ENGINE=InnoDB DEFAULT CHARSET=utf8 COLLATE=utf8_unicode_ci;
/*!40101 SET character_set_client = @saved_cs_client */;

--
-- Dumping data for table `schema_migrations`
--

LOCK TABLES `schema_migrations` WRITE;
/*!40000 ALTER TABLE `schema_migrations` DISABLE KEYS */;
INSERT INTO `schema_migrations` VALUES ('20110608184629'),('20110610142254'),('20110613195138'),('20110613201814'),('20110613201915'),('20110622222959'),('20110623141539');
/*!40000 ALTER TABLE `schema_migrations` ENABLE KEYS */;
UNLOCK TABLES;

--
-- Table structure for table `speakers`
--

DROP TABLE IF EXISTS `speakers`;
/*!40101 SET @saved_cs_client     = @@character_set_client */;
/*!40101 SET character_set_client = utf8 */;
CREATE TABLE `speakers` (
  `id` int(11) NOT NULL AUTO_INCREMENT,
  `name` varchar(60) COLLATE utf8_unicode_ci NOT NULL,
  `created_at` datetime DEFAULT NULL,
  `updated_at` datetime DEFAULT NULL,
  PRIMARY KEY (`id`)
) ENGINE=InnoDB AUTO_INCREMENT=95 DEFAULT CHARSET=utf8 COLLATE=utf8_unicode_ci;
/*!40101 SET character_set_client = @saved_cs_client */;

--
-- Dumping data for table `speakers`
--

LOCK TABLES `speakers` WRITE;
/*!40000 ALTER TABLE `speakers` DISABLE KEYS */;
INSERT INTO `speakers` VALUES (1,'Reedy Feggins (IBM)','2012-08-08 09:00:00','2012-08-08 09:00:00'),(2,'André Faria','2012-08-08 09:00:00','2012-08-08 09:00:00'),(3,'Bruno Lui','2012-08-08 09:00:00','2012-08-08 09:00:00'),(4,'Tiago Silva da Silva','2012-08-08 09:00:00','2012-08-08 09:00:00'),(5,'Paulo Caroli','2012-08-08 09:00:00','2012-08-08 09:00:00'),(6,'Daniel Capo Sobral','2012-08-08 09:00:00','2012-08-08 09:00:00'),(7,'Yuri Gitahy','2012-08-08 09:00:00','2012-08-08 09:00:00'),(8,'Luiz Cláudio Parzianello','2012-08-08 09:00:00','2012-08-08 09:00:00'),(9,'Thais Dalcin','2012-08-08 09:00:00','2012-08-08 09:00:00'),(10,'Neil Craven','2012-08-08 09:00:00','2012-08-08 09:00:00'),(11,'Rodrigo Yoshima','2012-08-08 09:00:00','2012-08-08 09:00:00'),(12,'Hamilton Fonte II','2012-08-08 09:00:00','2012-08-08 09:00:00'),(13,'Diogo Aguilar','2012-08-08 09:00:00','2012-08-08 09:00:00'),(14,'Maurilio Alberone','2012-08-08 09:00:00','2012-08-08 09:00:00'),(15,'Laszlo Szalvay (MSDevelop)','2012-08-08 09:00:00','2012-08-08 09:00:00'),(16,'Guilherme Silveira','2012-08-08 09:00:00','2012-08-08 09:00:00'),(17,'Ricardo Valeriano','2012-08-08 09:00:00','2012-08-08 09:00:00'),(18,'Márcio Sete','2012-08-08 09:00:00','2012-08-08 09:00:00'),(19,'Raquel Vilas Boas','2012-08-08 09:00:00','2012-08-08 09:00:00'),(20,'Karinne Bezerra','2012-08-08 09:00:00','2012-08-08 09:00:00'),(21,'Nathaniel Cadwell','2012-08-08 09:00:00','2012-08-08 09:00:00'),(22,'Joaquim Torres','2012-08-08 09:00:00','2012-08-08 09:00:00'),(23,'Daniel Teixeira','2012-08-08 09:00:00','2012-08-08 09:00:00'),(24,'Rodrigo de Toledo','2012-08-08 09:00:00','2012-08-08 09:00:00'),(25,'Andreano Lanusse','2012-08-08 09:00:00','2012-08-08 09:00:00'),(26,'Johanna Rothman','2012-08-08 09:00:00','2012-08-08 09:00:00'),(27,'Manoel Pimentel','2012-08-08 09:00:00','2012-08-08 09:00:00'),(28,'Fernando Kakimoto','2012-08-08 09:00:00','2012-08-08 09:00:00'),(29,'Rafael Nascimento','2012-08-08 09:00:00','2012-08-08 09:00:00'),(30,'Carlos Lopes','2012-08-08 09:00:00','2012-08-08 09:00:00'),(31,'Guilherme Lacerda','2012-08-08 09:00:00','2012-08-08 09:00:00'),(32,'Cecilia Fernandes','2012-08-08 09:00:00','2012-08-08 09:00:00'),(33,'Alexandre Freire','2012-08-08 09:00:00','2012-08-08 09:00:00'),(34,'Francisco Edmundo de Andrade','2012-08-08 09:00:00','2012-08-08 09:00:00'),(35,'Marcelo Luis Walter','2012-08-08 09:00:00','2012-08-08 09:00:00'),(36,'Ramon Tramontini','2012-08-08 09:00:00','2012-08-08 09:00:00'),(37,'Jorge Bublitz','2012-08-08 09:00:00','2012-08-08 09:00:00'),(38,'Allison Vale','2012-08-08 09:00:00','2012-08-08 09:00:00'),(39,'Jorge Diz','2012-08-08 09:00:00','2012-08-08 09:00:00'),(40,'Diego Souza','2012-08-08 09:00:00','2012-08-08 09:00:00'),(41,'Daniel Wildt ','2012-08-08 09:00:00','2012-08-08 09:00:00'),(42,'Mauricio Aniche','2012-08-08 09:00:00','2012-08-08 09:00:00'),(43,'Fernando de la Riva','2012-08-08 09:00:00','2012-08-08 09:00:00'),(44,'Camilo Ribeiro','2012-08-08 09:00:00','2012-08-08 09:00:00'),(45,'Carlos Palhares','2012-08-08 09:00:00','2012-08-08 09:00:00'),(46,'Rodolpho Ugolini Neto','2012-08-08 09:00:00','2012-08-08 09:00:00'),(47,'Igor Macaúbas (Globo.com)','2012-08-08 09:00:00','2012-08-08 09:00:00'),(48,'José Papo','2012-08-08 09:00:00','2012-08-08 09:00:00'),(49,'Fabricio Nogueira Buzeto','2012-08-08 09:00:00','2012-08-08 09:00:00'),(50,'Julio Maia','2012-08-08 09:00:00','2012-08-08 09:00:00'),(51,'Eduardo Peres','2012-08-08 09:00:00','2012-08-08 09:00:00'),(52,'André Piegas','2012-08-08 09:00:00','2012-08-08 09:00:00'),(53,'Suelen Goularte Carvalho','2012-08-08 09:00:00','2012-08-08 09:00:00'),(54,'Samuel Crescêncio','2012-08-08 09:00:00','2012-08-08 09:00:00'),(55,'Dairton Bassi','2012-08-08 09:00:00','2012-08-08 09:00:00'),(56,'Danilo Sato','2012-08-08 09:00:00','2012-08-08 09:00:00'),(57,'Marlon Luz','2012-08-08 09:00:00','2012-08-08 09:00:00'),(58,'Alberto Bastos','2012-08-08 09:00:00','2012-08-08 09:00:00'),(59,'Angela Martin','2012-08-08 09:00:00','2012-08-08 09:00:00'),(60,'Lucas Cavalcanti','2012-08-08 09:00:00','2012-08-08 09:00:00'),(61,'Mauricio Matsuda','2012-08-08 09:00:00','2012-08-08 09:00:00'),(62,'Michael Kuhinica','2012-08-08 09:00:00','2012-08-08 09:00:00'),(63,'Adriano Almeida','2012-08-08 09:00:00','2012-08-08 09:00:00'),(64,'Paulo Silveira','2012-08-08 09:00:00','2012-08-08 09:00:00'),(65,'Alexandre Magno','2012-08-08 09:00:00','2012-08-08 09:00:00'),(66,'Linda Luu','2012-08-08 09:00:00','2012-08-08 09:00:00'),(67,'Francisco Martin','2012-08-08 09:00:00','2012-08-08 09:00:00'),(68,'Hugo Corbucci','2012-08-08 09:00:00','2012-08-08 09:00:00'),(69,'Daniel Cukier','2012-08-08 09:00:00','2012-08-08 09:00:00'),(70,'Marcelo Gomes de Macedo','2012-08-08 09:00:00','2012-08-08 09:00:00'),(71,'Tiago Motta','2012-08-08 09:00:00','2012-08-08 09:00:00'),(72,'Jenny Wong','2012-08-08 09:00:00','2012-08-08 09:00:00'),(73,'Antônio Paes','2012-08-08 09:00:00','2012-08-08 09:00:00'),(74,'Flavio Logullo','2012-08-08 09:00:00','2012-08-08 09:00:00'),(75,'Rafael Barbosa Camargo','2012-08-08 09:00:00','2012-08-08 09:00:00'),(76,'Aaron Erickson','2012-08-08 09:00:00','2012-08-08 09:00:00'),(77,'Alexandre Freire da Silva','2012-08-08 09:00:00','2012-08-08 09:00:00'),(78,'Fernando Freire da Silva','2012-08-08 09:00:00','2012-08-08 09:00:00'),(79,'Gabriel Notari','2012-08-08 09:00:00','2012-08-08 09:00:00'),(80,'Luiz Reolon','2012-08-08 09:00:00','2012-08-08 09:00:00'),(81,'Khawaja Shams','2012-08-08 09:00:00','2012-08-08 09:00:00'),(82,'Luca Bastos','2012-08-08 09:00:00','2012-08-08 09:00:00'),(83,'Alex Tabor','2012-08-08 09:00:00','2012-08-08 09:00:00'),(84,'Rafael Siqueira','2012-08-08 09:00:00','2012-08-08 09:00:00'),(85,'Davis Smith','2012-08-08 09:00:00','2012-08-08 09:00:00'),(86,'Vinícius Gomes','2012-08-08 09:00:00','2012-08-08 09:00:00'),(87,'Ivayr Farah Netto','2012-08-08 09:00:00','2012-08-08 09:00:00'),(88,'Felipe Furtado','2012-08-08 09:00:00','2012-08-08 09:00:00'),(89,'Eduardo Meira Peres','2012-08-08 09:00:00','2012-08-08 09:00:00'),(90,'Sunil Mundra','2012-08-08 09:00:00','2012-08-08 09:00:00'),(91,'Rafael Prikladnicki','2012-08-08 09:00:00','2012-08-08 09:00:00'),(92,'Manoel Medeiros','2012-08-08 09:00:00','2012-08-08 09:00:00'),(93,'Mozair Carmo','2012-08-08 09:00:00','2012-08-08 09:00:00'),(94,'Rafael Miranda','2012-08-08 09:00:00','2012-08-08 09:00:00');
/*!40000 ALTER TABLE `speakers` ENABLE KEYS */;
UNLOCK TABLES;

--
-- Table structure for table `talks`
--

DROP TABLE IF EXISTS `talks`;
/*!40101 SET @saved_cs_client     = @@character_set_client */;
/*!40101 SET character_set_client = utf8 */;
CREATE TABLE `talks` (
  `id` int(11) NOT NULL AUTO_INCREMENT,
  `title` varchar(255) COLLATE utf8_unicode_ci DEFAULT NULL,
  `language` varchar(255) COLLATE utf8_unicode_ci DEFAULT NULL,
  `level` varchar(255) COLLATE utf8_unicode_ci DEFAULT NULL,
  `attendees_limit` int(11) DEFAULT NULL,
  `type` varchar(255) COLLATE utf8_unicode_ci DEFAULT NULL,
  `track` varchar(255) COLLATE utf8_unicode_ci DEFAULT NULL,
  `room` varchar(255) COLLATE utf8_unicode_ci DEFAULT NULL,
  `translation` tinyint(1) DEFAULT NULL,
  `duration` int(11) NOT NULL,
  `start` datetime NOT NULL,
  `end` datetime NOT NULL,
  `description` text COLLATE utf8_unicode_ci,
  `created_at` datetime DEFAULT NULL,
  `updated_at` datetime DEFAULT NULL,
  PRIMARY KEY (`id`)
) ENGINE=InnoDB AUTO_INCREMENT=86 DEFAULT CHARSET=utf8 COLLATE=utf8_unicode_ci;
/*!40101 SET character_set_client = @saved_cs_client */;

--
-- Dumping data for table `talks`
--

LOCK TABLES `talks` WRITE;
/*!40000 ALTER TABLE `talks` DISABLE KEYS */;
INSERT INTO `talks` VALUES (1,'Scaling Agile – Lessons from the Trenches',NULL,'',NULL,'','convidado','1',NULL,0,'2012-09-05 11:00:00','2012-09-05 12:00:00',NULL,'2012-08-08 09:00:00','2012-08-08 09:00:00'),(2,'Clean Code: Desenvolvendo como um Profissional Ágil',NULL,'iniciante',NULL,'palestra','Desenvolvimento e Teste','2',NULL,0,'2012-09-05 11:00:00','2012-09-05 12:00:00',NULL,'2012-08-08 09:00:00','2012-08-08 09:00:00'),(3,'There’s no magic: esforços para integrar Agile e UX',NULL,'praticante',NULL,'palestra','Análise e Planejamento','3',NULL,0,'2012-09-05 11:00:00','2012-09-05 12:00:00',NULL,'2012-08-08 09:00:00','2012-08-08 09:00:00'),(4,'Kit de atividates para retrospectivas',NULL,'praticante',NULL,'mão-na-massa','Gestão e Cultura','4',NULL,0,'2012-09-05 11:00:00','2012-09-05 13:00:00',NULL,'2012-08-08 09:00:00','2012-08-08 09:00:00'),(5,'Gestão Automática de Configuração usando Puppet',NULL,'iniciante',NULL,'mão-na-massa','Desenvolvimento e Teste','5',NULL,0,'2012-09-05 11:00:00','2012-09-05 13:00:00',NULL,'2012-08-08 09:00:00','2012-08-08 09:00:00'),(6,'Startup, iterate, and die!',NULL,'Praticante',NULL,'palestra','Inovação e Empreendedorismo','1',NULL,0,'2012-09-05 12:00:00','2012-09-05 13:00:00',NULL,'2012-08-08 09:00:00','2012-08-08 09:00:00'),(7,'Implantando a Cultura Ágil em Larga Escala, o Case do Grupo RBS',NULL,'Praticante',NULL,'palestra','Relatos de Experiência','2',NULL,0,'2012-09-05 12:00:00','2012-09-05 13:00:00',NULL,'2012-08-08 09:00:00','2012-08-08 09:00:00'),(8,'The uses and abuses of Cucumber, Spinach and other vegetables',NULL,'praticante',NULL,'palestra','Análise e Planejamento','1',NULL,0,'2012-09-05 14:30:00','2012-09-05 15:30:00',NULL,'2012-08-08 09:00:00','2012-08-08 09:00:00'),(9,'Kanban Avançado – Além de Visualizações e Limites',NULL,'experiente',NULL,'palestra','Gestão e Cultura','2',NULL,0,'2012-09-05 14:30:00','2012-09-05 15:30:00',NULL,'2012-08-08 09:00:00','2012-08-08 09:00:00'),(10,'Veja São Paulo – Um produto desenvolvido em outsourcing com times fisicamente dispersos',NULL,'praticante',NULL,'palestra','Relatos de Experiência','3',NULL,0,'2012-09-05 14:30:00','2012-09-05 15:30:00',NULL,'2012-08-08 09:00:00','2012-08-08 09:00:00'),(11,'Bootstrapping: A arte de transformar R$ 3.600,00 em R$ 1.000.000,00',NULL,'iniciante',NULL,'palestra','Inovação e Empreendedorismo','4',NULL,0,'2012-09-05 14:30:00','2012-09-05 15:30:00',NULL,'2012-08-08 09:00:00','2012-08-08 09:00:00'),(12,'Workshop Bizstart Pocket',NULL,'praticante',NULL,'mão-na-massa','Inovação e Empreendedorismo','5',NULL,0,'2012-09-05 14:30:00','2012-09-05 16:30:00',NULL,'2012-08-08 09:00:00','2012-08-08 09:00:00'),(13,'Agile: The secret sauce of Innovation',NULL,'',NULL,'','convidado','1',NULL,0,'2012-09-05 15:30:00','2012-09-05 16:30:00',NULL,'2012-08-08 09:00:00','2012-08-08 09:00:00'),(14,'Dívida técnica de monstro: sua linguagem e suas escolhas',NULL,'praticante',NULL,'palestra','Desenvolvimento e Teste','2',NULL,0,'2012-09-05 15:30:00','2012-09-05 16:30:00',NULL,'2012-08-08 09:00:00','2012-08-08 09:00:00'),(15,'Estimar, Planejar e Acompanhar. Colocando os pingos nos is.',NULL,'iniciante',NULL,'palestra','Análise e Planejamento','3',NULL,0,'2012-09-05 15:30:00','2012-09-05 16:30:00',NULL,'2012-08-08 09:00:00','2012-08-08 09:00:00'),(16,'Amadurecendo modelos de gestão de pessoas em uma cultura ágil',NULL,'iniciante',NULL,'palestra','Gestão e Cultura','4',NULL,0,'2012-09-05 15:30:00','2012-09-05 16:30:00',NULL,'2012-08-08 09:00:00','2012-08-08 09:00:00'),(17,'Coaching Creatives: New Ideas from Dead Artists',NULL,'praticante',NULL,'palestra','Gestão e Cultura','1',NULL,0,'2012-09-05 16:30:00','2012-09-05 17:30:00',NULL,'2012-08-08 09:00:00','2012-08-08 09:00:00'),(18,'Guia da Startup, como startups e não-startups podem criar e gerenciar produtos web rentáveis',NULL,'iniciante',NULL,'palestra','Inovação e Empreendedorismo','2',NULL,0,'2012-09-05 16:30:00','2012-09-05 17:30:00',NULL,'2012-08-08 09:00:00','2012-08-08 09:00:00'),(19,'Pair Coaching',NULL,'praticante',NULL,'palestra','Relatos de Experiência','3',NULL,0,'2012-09-05 16:30:00','2012-09-05 17:30:00',NULL,'2012-08-08 09:00:00','2012-08-08 09:00:00'),(20,'Desafios na gestão de equipes virtuais',NULL,'experiente',NULL,'palestra','Gestão e Cultura','4',NULL,0,'2012-09-05 16:30:00','2012-09-05 17:30:00',NULL,'2012-08-08 09:00:00','2012-08-08 09:00:00'),(21,'Lightning Talks',NULL,'',NULL,'','desenvolvimento;lise;gest;inova;relatos','5',NULL,0,'2012-09-05 16:30:00','2012-09-05 17:30:00',NULL,'2012-08-08 09:00:00','2012-08-08 09:00:00'),(22,'Agile Portfolio Planning: Managing Your Project Portfolio',NULL,'',NULL,'','convidado','1',NULL,0,'2012-09-06 09:00:00','2012-09-06 10:00:00',NULL,'2012-08-08 09:00:00','2012-08-08 09:00:00'),(23,'The Green Lake Strategy – Um metamodelo para design de mercados',NULL,'experiente',NULL,'palestra','Inovação e Empreendedorismo','2',NULL,0,'2012-09-06 09:00:00','2012-09-06 10:00:00',NULL,'2012-08-08 09:00:00','2012-08-08 09:00:00'),(24,'O sentimento de construir software distribuido utilizando Ágil',NULL,'praticante',NULL,'palestra','Relatos de Experiência','3',NULL,0,'2012-09-06 09:00:00','2012-09-06 10:00:00',NULL,'2012-08-08 09:00:00','2012-08-08 09:00:00'),(25,'Team building: A arte de transformar grupos em times',NULL,'praticante',NULL,'palestra','Gestão e Cultura','4',NULL,0,'2012-09-06 09:00:00','2012-09-06 10:00:00',NULL,'2012-08-08 09:00:00','2012-08-08 09:00:00'),(26,'Coding by eXamPle: Tornando-se um desenvolvedor profissional',NULL,'praticante',NULL,'mão-na-massa','Desenvolvimento e Teste','5',NULL,0,'2012-09-06 09:00:00','2012-09-06 11:00:00',NULL,'2012-08-08 09:00:00','2012-08-08 09:00:00'),(27,'Novatos no seu time ágil? Corra da inércia!',NULL,'experiente',NULL,'palestra','Gestão e Cultura','1',NULL,0,'2012-09-06 10:00:00','2012-09-06 11:00:00',NULL,'2012-08-08 09:00:00','2012-08-08 09:00:00'),(28,'Dívida técnica: precisando de crédito? Ou ‘Como evitar que o cobrador bata na sua porta!’',NULL,'praticante',NULL,'palestra','Análise e Planejamento','2',NULL,0,'2012-09-06 10:00:00','2012-09-06 11:00:00',NULL,'2012-08-08 09:00:00','2012-08-08 09:00:00'),(29,'Testes de aceitação automatizados evidenciam rastreabilidade, cobertura e desempenho do software',NULL,'praticante',NULL,'palestra','Desenvolvimento e Teste','3',NULL,0,'2012-09-06 10:00:00','2012-09-06 11:00:00',NULL,'2012-08-08 09:00:00','2012-08-08 09:00:00'),(30,'‘Metamorfose Ambulante’ by M.A.D. Team',NULL,'praticante',NULL,'palestra','Relatos de Experiência','4',NULL,0,'2012-09-06 10:00:00','2012-09-06 11:00:00',NULL,'2012-08-08 09:00:00','2012-08-08 09:00:00'),(31,'Desenvolvimento Ágil Dirigido a Funcionalidades',NULL,'iniciante',NULL,'palestra','Análise e Planejamento','1',NULL,0,'2012-09-06 11:30:00','2012-09-06 12:30:00',NULL,'2012-08-08 09:00:00','2012-08-08 09:00:00'),(32,'Jogando o novo jogo do trabalho do conhecimento com Lean, Kanban e Agile',NULL,'experiente',NULL,'palestra','Gestão e Cultura','2',NULL,0,'2012-09-06 11:30:00','2012-09-06 12:30:00',NULL,'2012-08-08 09:00:00','2012-08-08 09:00:00'),(33,'Qualidade: pensando fora da caixa',NULL,'praticante',NULL,'palestra','Desenvolvimento e Teste','3',NULL,0,'2012-09-06 11:30:00','2012-09-06 12:30:00',NULL,'2012-08-08 09:00:00','2012-08-08 09:00:00'),(34,'Importância da Gestão Visual!!! Como incluir o deficiente visual na gestão visual?',NULL,'iniciante',NULL,'palestra','Relatos de Experiência','4',NULL,0,'2012-09-06 11:30:00','2012-09-06 12:30:00',NULL,'2012-08-08 09:00:00','2012-08-08 09:00:00'),(35,'MVP! MVP! Criando a primeira versão de um produto – o desafio',NULL,'praticante',NULL,'mão-na-massa','Inovação e Empreendedorismo','5',NULL,0,'2012-09-06 11:30:00','2012-09-06 13:30:00',NULL,'2012-08-08 09:00:00','2012-08-08 09:00:00'),(36,'Lightning Talks',NULL,'',NULL,'','desenvolvimento;lise;gest;inova;relatos','1',NULL,0,'2012-09-06 12:30:00','2012-09-06 13:00:00',NULL,'2012-08-08 09:00:00','2012-08-08 09:00:00'),(37,'Lightning Talks',NULL,'',NULL,'','desenvolvimento;lise;gest;inova;relatos','2',NULL,0,'2012-09-06 12:30:00','2012-09-06 13:00:00',NULL,'2012-08-08 09:00:00','2012-08-08 09:00:00'),(38,'Lightning Talks',NULL,'',NULL,'','desenvolvimento;lise;gest;inova;relatos','3',NULL,0,'2012-09-06 12:30:00','2012-09-06 13:00:00',NULL,'2012-08-08 09:00:00','2012-08-08 09:00:00'),(39,'Lightning Talks',NULL,'',NULL,'','desenvolvimento;lise;gest;inova;relatos','4',NULL,0,'2012-09-06 12:30:00','2012-09-06 13:00:00',NULL,'2012-08-08 09:00:00','2012-08-08 09:00:00'),(40,'Saci Pererê Ágil',NULL,'praticante',NULL,'palestra','Gestão e Cultura','1',NULL,0,'2012-09-06 14:30:00','2012-09-06 15:30:00',NULL,'2012-08-08 09:00:00','2012-08-08 09:00:00'),(41,'Lean Startup das trincheiras, Reflexões e aprendizados depois de 12 meses de implantação',NULL,'experiente',NULL,'palestra','Inovação e Empreendedorismo','2',NULL,0,'2012-09-06 14:30:00','2012-09-06 15:30:00',NULL,'2012-08-08 09:00:00','2012-08-08 09:00:00'),(42,'Lightning Talks',NULL,'',NULL,'','desenvolvimento;lise;gest;inova;relatos','3',NULL,0,'2012-09-06 14:30:00','2012-09-06 15:30:00',NULL,'2012-08-08 09:00:00','2012-08-08 09:00:00'),(43,'Automation Best Practices / Boas Práticas em Automação',NULL,'praticante',NULL,'palestra','Desenvolvimento e Teste','4',NULL,0,'2012-09-06 14:30:00','2012-09-06 15:30:00',NULL,'2012-08-08 09:00:00','2012-08-08 09:00:00'),(44,'A Hora Kanban',NULL,'iniciante',NULL,'mão-na-massa','Análise e Planejamento','5',NULL,0,'2012-09-06 14:30:00','2012-09-06 16:30:00',NULL,'2012-08-08 09:00:00','2012-08-08 09:00:00'),(45,'Agile na Globo.com – ultrapassando o abc do Scrum',NULL,'',NULL,'','convidado','1',NULL,0,'2012-09-06 15:30:00','2012-09-06 16:30:00',NULL,'2012-08-08 09:00:00','2012-08-08 09:00:00'),(46,'DevOps: Agilizando a entrega e a implantação de software com a Nuvem',NULL,'praticante',NULL,'palestra','Desenvolvimento e Teste','2',NULL,0,'2012-09-06 15:30:00','2012-09-06 16:30:00',NULL,'2012-08-08 09:00:00','2012-08-08 09:00:00'),(47,'Lightning Talks',NULL,'',NULL,'','desenvolvimento;lise;gest;inova;relatos','3',NULL,0,'2012-09-06 15:30:00','2012-09-06 16:30:00',NULL,'2012-08-08 09:00:00','2012-08-08 09:00:00'),(48,'Startup Dojo – Aprendendo a Empreender com os Amigos',NULL,'iniciante',NULL,'palestra','Inovação e Empreendedorismo','4',NULL,0,'2012-09-06 15:30:00','2012-09-06 16:30:00',NULL,'2012-08-08 09:00:00','2012-08-08 09:00:00'),(49,'Configuration Avoidance',NULL,'experiente',NULL,'palestra','Desenvolvimento e Teste','1',NULL,0,'2012-09-06 17:00:00','2012-09-06 18:00:00',NULL,'2012-08-08 09:00:00','2012-08-08 09:00:00'),(50,'Análise de Negócios e Agilidade, uma Combinação de Sucesso!',NULL,'praticante',NULL,'palestra','Análise e Planejamento','2',NULL,0,'2012-09-06 17:00:00','2012-09-06 18:00:00',NULL,'2012-08-08 09:00:00','2012-08-08 09:00:00'),(51,'(Abo)lições aprendidas:para inserir agilidade fora do contexto ágil ideal é necessário abolir lições',NULL,'iniciante',NULL,'palestra','Relatos de Experiência','3',NULL,0,'2012-09-06 17:00:00','2012-09-06 18:00:00',NULL,'2012-08-08 09:00:00','2012-08-08 09:00:00'),(52,'Padrões Para Implantar Métodos Ágeis',NULL,'iniciante',NULL,'palestra','Gestão e Cultura','4',NULL,0,'2012-09-06 17:00:00','2012-09-06 18:00:00',NULL,'2012-08-08 09:00:00','2012-08-08 09:00:00'),(53,'Value Stream Mapping Workshop',NULL,'praticante',NULL,'mão-na-massa','Análise e Planejamento','5',NULL,0,'2012-09-06 17:00:00','2012-09-06 19:00:00',NULL,'2012-08-08 09:00:00','2012-08-08 09:00:00'),(54,'De Startup a grande empresa',NULL,'praticante',NULL,'palestra','Inovação e Empreendedorismo','1',NULL,0,'2012-09-06 18:00:00','2012-09-06 19:00:00',NULL,'2012-08-08 09:00:00','2012-08-08 09:00:00'),(55,'Refatoração em Larga Escala',NULL,'experiente',NULL,'palestra','Desenvolvimento e Teste','2',NULL,0,'2012-09-06 18:00:00','2012-09-06 19:00:00',NULL,'2012-08-08 09:00:00','2012-08-08 09:00:00'),(56,'Fazendo do Scrum um Game para Melhor Adoção do Framework',NULL,'iniciante',NULL,'palestra','Gestão e Cultura','3',NULL,0,'2012-09-06 18:00:00','2012-09-06 19:00:00',NULL,'2012-08-08 09:00:00','2012-08-08 09:00:00'),(57,'Onze Times e Um Destino – Case de Integração Scrum de Scrums',NULL,'praticante',NULL,'palestra','Relatos de Experiência','4',NULL,0,'2012-09-06 18:00:00','2012-09-06 19:00:00',NULL,'2012-08-08 09:00:00','2012-08-08 09:00:00'),(58,'The changing role of a software developer: how our approach to building the right product continues to evolve',NULL,'',NULL,'','convidado','1',NULL,0,'2012-09-07 09:00:00','2012-09-07 10:00:00',NULL,'2012-08-08 09:00:00','2012-08-08 09:00:00'),(59,'Otimização prematura é a raiz de todos os problemas. Código limpo é otimização?',NULL,'experiente',NULL,'palestra','Desenvolvimento e Teste','2',NULL,0,'2012-09-07 09:00:00','2012-09-07 10:00:00',NULL,'2012-08-08 09:00:00','2012-08-08 09:00:00'),(60,'Insira seu codigo_sujo.js aqui',NULL,'praticante',NULL,'palestra','Desenvolvimento e Teste','3',NULL,0,'2012-09-07 09:00:00','2012-09-07 10:00:00',NULL,'2012-08-08 09:00:00','2012-08-08 09:00:00'),(61,'Casa do Código: A criação de uma editora Lean em 4 meses',NULL,'praticante',NULL,'palestra','Inovação e Empreendedorismo','4',NULL,0,'2012-09-07 09:00:00','2012-09-07 10:00:00',NULL,'2012-08-08 09:00:00','2012-08-08 09:00:00'),(62,'Learning 3.0 – Aprendizado na era do conhecimento',NULL,'praticante',NULL,'mão-na-massa','Gestão e Cultura','5',NULL,0,'2012-09-07 09:00:00','2012-09-07 11:00:00',NULL,'2012-08-08 09:00:00','2012-08-08 09:00:00'),(63,'Agile experience design: when developers and designers become a match made in heaven',NULL,'praticante',NULL,'palestra','Análise e Planejamento','1',NULL,0,'2012-09-07 10:00:00','2012-09-07 11:00:00',NULL,'2012-08-08 09:00:00','2012-08-08 09:00:00'),(64,'O dia-a-dia de uma startup',NULL,'iniciante',NULL,'palestra','Inovação e Empreendedorismo','2',NULL,0,'2012-09-07 10:00:00','2012-09-07 11:00:00',NULL,'2012-08-08 09:00:00','2012-08-08 09:00:00'),(65,'Trocando o “motor” em pleno vôo! Neblina e Tempestades! Como vencemos utilizando AGILE?',NULL,'praticante',NULL,'palestra','Relatos de Experiência','3',NULL,0,'2012-09-07 10:00:00','2012-09-07 11:00:00',NULL,'2012-08-08 09:00:00','2012-08-08 09:00:00'),(66,'Testes unitários e de integração. Quando usar e porque.',NULL,'praticante',NULL,'palestra','Desenvolvimento e Teste','4',NULL,0,'2012-09-07 10:00:00','2012-09-07 11:00:00',NULL,'2012-08-08 09:00:00','2012-08-08 09:00:00'),(67,'The role of Agile analysis in Continuous Delivery',NULL,'experiente',NULL,'palestra','Análise e Planejamento','1',NULL,0,'2012-09-07 11:30:00','2012-09-07 12:30:00',NULL,'2012-08-08 09:00:00','2012-08-08 09:00:00'),(68,'Diversidade em equipes: Desafios, oportunidades e mitos considerando gerações, cultura e outros',NULL,'iniciante',NULL,'palestra','Gestão e Cultura','2',NULL,0,'2012-09-07 11:30:00','2012-09-07 12:30:00',NULL,'2012-08-08 09:00:00','2012-08-08 09:00:00'),(69,'Meu produto não tem 1 milhão de usuários, e agora?',NULL,'praticante',NULL,'palestra','Inovação e Empreendedorismo','3',NULL,0,'2012-09-07 11:30:00','2012-09-07 12:30:00',NULL,'2012-08-08 09:00:00','2012-08-08 09:00:00'),(70,'Pedaços de XP, FDD, Scrum e Kanban na Análise de Negócio e Engenharia de Requisitos',NULL,'praticante',NULL,'palestra','Relatos de Experiência','4',NULL,0,'2012-09-07 11:30:00','2012-09-07 12:30:00',NULL,'2012-08-08 09:00:00','2012-08-08 09:00:00'),(71,'Lightning Talks',NULL,'',NULL,'','desenvolvimento;lise;gest;inova;relatos','5',NULL,0,'2012-09-07 11:30:00','2012-09-07 12:30:00',NULL,'2012-08-08 09:00:00','2012-08-08 09:00:00'),(72,'Understanding the MVP – Connecting Continuous Delivery to the Lean Startup Movement',NULL,'praticante',NULL,'palestra','Inovação e Empreendedorismo','1',NULL,0,'2012-09-07 12:30:00','2012-09-07 13:30:00',NULL,'2012-08-08 09:00:00','2012-08-08 09:00:00'),(73,'O que não testar no seu projeto!',NULL,'experiente',NULL,'palestra','Desenvolvimento e Teste','2',NULL,0,'2012-09-07 12:30:00','2012-09-07 13:30:00',NULL,'2012-08-08 09:00:00','2012-08-08 09:00:00'),(74,'Fazendo do limão uma limonada: recuperando um portfólio com o auxílio de métodos ágeis',NULL,'praticante',NULL,'palestra','Relatos de Experiência','3',NULL,0,'2012-09-07 12:30:00','2012-09-07 13:30:00',NULL,'2012-08-08 09:00:00','2012-08-08 09:00:00'),(75,'Construindo muros para derrubar Barreiras – Gestão Visual Ágil',NULL,'praticante',NULL,'palestra','Gestão e Cultura','4',NULL,0,'2012-09-07 12:30:00','2012-09-07 13:30:00',NULL,'2012-08-08 09:00:00','2012-08-08 09:00:00'),(76,'Lightning Talks',NULL,'',NULL,'','desenvolvimento;lise;gest;inova;relatos','5',NULL,0,'2012-09-07 12:30:00','2012-09-07 13:30:00',NULL,'2012-08-08 09:00:00','2012-08-08 09:00:00'),(77,'Agile Software for Mission Critical Operations at the NASA Jet Propulsion Laboratory',NULL,'iniciante',NULL,'palestra','Relatos de Experiência','1',NULL,0,'2012-09-07 15:00:00','2012-09-07 16:00:00',NULL,'2012-08-08 09:00:00','2012-08-08 09:00:00'),(78,'Painel com empreendedores convidados',NULL,'iniciante',NULL,'painel','Inovação e Empreendedorismo','2',NULL,0,'2012-09-07 15:00:00','2012-09-07 16:00:00',NULL,'2012-08-08 09:00:00','2012-08-08 09:00:00'),(79,'Praticando o desapego: quando ignorar a Dívida Técnica',NULL,'praticante',NULL,'palestra','Relatos de Experiência','3',NULL,0,'2012-09-07 15:00:00','2012-09-07 16:00:00',NULL,'2012-08-08 09:00:00','2012-08-08 09:00:00'),(80,'Quando o uso do Sprint Burndown pode atrapalhar',NULL,'experiente',NULL,'palestra','Gestão e Cultura','4',NULL,0,'2012-09-07 15:00:00','2012-09-07 16:00:00',NULL,'2012-08-08 09:00:00','2012-08-08 09:00:00'),(81,'Dinâmica para o planejamento de releases ágeis:o alfabeto perdido de Macondo',NULL,'iniciante',NULL,'mão-na-massa','Análise e Planejamento','5',NULL,0,'2012-09-07 15:00:00','2012-09-07 17:00:00',NULL,'2012-08-08 09:00:00','2012-08-08 09:00:00'),(82,'Distributed Development Best Practices',NULL,'iniciante',NULL,'palestra','Gestão e Cultura','1',NULL,0,'2012-09-07 16:00:00','2012-09-07 17:00:00',NULL,'2012-08-08 09:00:00','2012-08-08 09:00:00'),(83,'A Agile Brazil daqui a 10 anos',NULL,'praticante',NULL,'palestra','Gestão e Cultura','2',NULL,0,'2012-09-07 16:00:00','2012-09-07 17:00:00',NULL,'2012-08-08 09:00:00','2012-08-08 09:00:00'),(84,'Iterações: melhor sem elas?',NULL,'praticante',NULL,'palestra','Análise e Planejamento','3',NULL,0,'2012-09-07 16:00:00','2012-09-07 17:00:00',NULL,'2012-08-08 09:00:00','2012-08-08 09:00:00'),(85,'Do impossível ao impossível: nossa rebelde jornada numa pequena empresa pública federal, em Salvador',NULL,'iniciante',NULL,'palestra','Relatos de Experiência','4',NULL,0,'2012-09-07 16:00:00','2012-09-07 17:00:00',NULL,'2012-08-08 09:00:00','2012-08-08 09:00:00');
/*!40000 ALTER TABLE `talks` ENABLE KEYS */;
UNLOCK TABLES;

--
-- Table structure for table `talks_speakers`
--

DROP TABLE IF EXISTS `talks_speakers`;
/*!40101 SET @saved_cs_client     = @@character_set_client */;
/*!40101 SET character_set_client = utf8 */;
CREATE TABLE `talks_speakers` (
  `talk_id` int(11) NOT NULL,
  `speaker_id` int(11) NOT NULL
) ENGINE=InnoDB DEFAULT CHARSET=utf8 COLLATE=utf8_unicode_ci;
/*!40101 SET character_set_client = @saved_cs_client */;

--
-- Dumping data for table `talks_speakers`
--

LOCK TABLES `talks_speakers` WRITE;
/*!40000 ALTER TABLE `talks_speakers` DISABLE KEYS */;
INSERT INTO `talks_speakers` VALUES (1,1),(2,2),(2,3),(3,4),(4,5),(5,6),(6,7),(7,8),(7,9),(8,10),(9,11),(10,12),(11,13),(12,14),(12,7),(13,15),(14,16),(14,17),(15,18),(16,19),(16,20),(17,21),(18,22),(19,23),(19,24),(20,25),(22,26),(23,27),(24,28),(25,29),(26,30),(26,31),(27,32),(28,33),(29,34),(30,35),(30,36),(31,37),(32,38),(33,39),(34,24),(34,40),(35,41),(40,42),(41,43),(43,44),(43,45),(44,11),(44,46),(45,47),(46,48),(48,49),(49,50),(50,8),(51,51),(51,52),(52,53),(53,54),(54,55),(55,56),(56,57),(57,58),(58,59),(59,60),(60,61),(60,62),(61,63),(61,64),(62,65),(63,66),(63,67),(63,68),(64,69),(65,70),(66,71),(67,72),(67,56),(68,73),(69,74),(70,75),(72,76),(73,77),(73,78),(74,79),(75,80),(77,81),(78,82),(78,83),(78,84),(78,85),(79,86),(79,87),(80,88),(81,89),(82,90),(83,91),(83,92),(84,93),(85,94);
/*!40000 ALTER TABLE `talks_speakers` ENABLE KEYS */;
UNLOCK TABLES;

--
-- Table structure for table `users`
--

DROP TABLE IF EXISTS `users`;
/*!40101 SET @saved_cs_client     = @@character_set_client */;
/*!40101 SET character_set_client = utf8 */;
CREATE TABLE `users` (
  `id` int(11) NOT NULL AUTO_INCREMENT,
  `twitter` varchar(255) COLLATE utf8_unicode_ci NOT NULL,
  `created_at` datetime DEFAULT NULL,
  `updated_at` datetime DEFAULT NULL,
  `avatar` varchar(255) COLLATE utf8_unicode_ci DEFAULT NULL,
  PRIMARY KEY (`id`)
) ENGINE=InnoDB AUTO_INCREMENT=2 DEFAULT CHARSET=utf8 COLLATE=utf8_unicode_ci;
/*!40101 SET character_set_client = @saved_cs_client */;

--
-- Dumping data for table `users`
--

LOCK TABLES `users` WRITE;
/*!40000 ALTER TABLE `users` DISABLE KEYS */;
INSERT INTO `users` VALUES (1,'rafaelvalerio','2012-07-18 13:26:20','2012-07-18 13:26:20','http://a0.twimg.com/profile_images/2365482757/4qcebutyi06htuz6kca3_normal.jpeg');
/*!40000 ALTER TABLE `users` ENABLE KEYS */;
UNLOCK TABLES;
/*!40103 SET TIME_ZONE=@OLD_TIME_ZONE */;

/*!40101 SET SQL_MODE=@OLD_SQL_MODE */;
/*!40014 SET FOREIGN_KEY_CHECKS=@OLD_FOREIGN_KEY_CHECKS */;
/*!40014 SET UNIQUE_CHECKS=@OLD_UNIQUE_CHECKS */;
/*!40101 SET CHARACTER_SET_CLIENT=@OLD_CHARACTER_SET_CLIENT */;
/*!40101 SET CHARACTER_SET_RESULTS=@OLD_CHARACTER_SET_RESULTS */;
/*!40101 SET COLLATION_CONNECTION=@OLD_COLLATION_CONNECTION */;
/*!40111 SET SQL_NOTES=@OLD_SQL_NOTES */;

-- Dump completed on 2012-08-16 23:45:53
